"filename", "language", "CSS", "JavaScript", "JSON", "PHP", "Markdown", "JSON with Comments", "TypeScript", "HTML", "XML", "YAML", "Ini", "comment", "blank", "total"
"c:\xampp\htdocs\formshub_app\README.md", "Markdown", 0, 0, 0, 0, 45, 0, 0, 0, 0, 0, 0, 0, 22, 67
"c:\xampp\htdocs\formshub_app\app\Actions\Fortify\AttemptToAuthenticate.php", "PHP", 0, 0, 0, 54, 0, 0, 0, 0, 0, 0, 0, 45, 17, 116
"c:\xampp\htdocs\formshub_app\app\Actions\Fortify\CreateNewUser copy.php", "PHP", 0, 0, 0, 66, 0, 0, 0, 0, 0, 0, 0, 9, 19, 94
"c:\xampp\htdocs\formshub_app\app\Actions\Fortify\CreateNewUser.php", "PHP", 0, 0, 0, 71, 0, 0, 0, 0, 0, 0, 0, 8, 20, 99
"c:\xampp\htdocs\formshub_app\app\Actions\Fortify\PasswordValidationRules.php", "PHP", 0, 0, 0, 11, 0, 0, 0, 0, 0, 0, 0, 5, 4, 20
"c:\xampp\htdocs\formshub_app\app\Actions\Fortify\RedirectIfTwoFactorAuthenticatable.php", "PHP", 0, 0, 0, 80, 0, 0, 0, 0, 0, 0, 0, 52, 21, 153
"c:\xampp\htdocs\formshub_app\app\Actions\Fortify\ResetUserPassword.php", "PHP", 0, 0, 0, 19, 0, 0, 0, 0, 0, 0, 0, 5, 6, 30
"c:\xampp\htdocs\formshub_app\app\Actions\Fortify\UpdateUserPassword.php", "PHP", 0, 0, 0, 23, 0, 0, 0, 0, 0, 0, 0, 5, 7, 35
"c:\xampp\htdocs\formshub_app\app\Actions\Fortify\UpdateUserProfileInformation.php", "PHP", 0, 0, 0, 39, 0, 0, 0, 0, 0, 0, 0, 10, 8, 57
"c:\xampp\htdocs\formshub_app\app\Actions\Jetstream\AddAccountMember.php", "PHP", 0, 0, 0, 56, 0, 0, 0, 0, 0, 0, 0, 14, 16, 86
"c:\xampp\htdocs\formshub_app\app\Actions\Jetstream\CreateAccount.php", "PHP", 0, 0, 0, 25, 0, 0, 0, 0, 0, 0, 0, 5, 8, 38
"c:\xampp\htdocs\formshub_app\app\Actions\Jetstream\DeleteAccount.php", "PHP", 0, 0, 0, 11, 0, 0, 0, 0, 0, 0, 0, 3, 4, 18
"c:\xampp\htdocs\formshub_app\app\Actions\Jetstream\DeleteUser.php", "PHP", 0, 0, 0, 32, 0, 0, 0, 0, 0, 0, 0, 14, 9, 55
"c:\xampp\htdocs\formshub_app\app\Actions\Jetstream\InviteAccountMember.php", "PHP", 0, 0, 0, 64, 0, 0, 0, 0, 0, 0, 0, 14, 11, 89
"c:\xampp\htdocs\formshub_app\app\Actions\Jetstream\RemoveAccountMember.php", "PHP", 0, 0, 0, 34, 0, 0, 0, 0, 0, 0, 0, 9, 9, 52
"c:\xampp\htdocs\formshub_app\app\Actions\Jetstream\UpdateAccountName.php", "PHP", 0, 0, 0, 31, 0, 0, 0, 0, 0, 0, 0, 5, 10, 46
"c:\xampp\htdocs\formshub_app\app\Console\Kernel.php", "PHP", 0, 0, 0, 42, 0, 0, 0, 0, 0, 0, 0, 12, 10, 64
"c:\xampp\htdocs\formshub_app\app\Events\DeviceRefresh.php", "PHP", 0, 0, 0, 24, 0, 0, 0, 0, 0, 0, 0, 11, 8, 43
"c:\xampp\htdocs\formshub_app\app\Events\RefreshKiosksCompleted.php", "PHP", 0, 0, 0, 21, 0, 0, 0, 0, 0, 0, 0, 10, 7, 38
"c:\xampp\htdocs\formshub_app\app\Events\RefreshSignatue.php", "PHP", 0, 0, 0, 22, 0, 0, 0, 0, 0, 0, 0, 10, 9, 41
"c:\xampp\htdocs\formshub_app\app\Exceptions\Handler.php", "PHP", 0, 0, 0, 21, 0, 0, 0, 0, 0, 0, 0, 23, 7, 51
"c:\xampp\htdocs\formshub_app\app\Guards\AdminStatefulGuard.php", "PHP", 0, 0, 0, 12, 0, 0, 0, 0, 0, 0, 0, 43, 9, 64
"c:\xampp\htdocs\formshub_app\app\Http\Controllers\AddForm.php", "PHP", 0, 0, 0, 51, 0, 0, 0, 0, 0, 0, 0, 1, 14, 66
"c:\xampp\htdocs\formshub_app\app\Http\Controllers\AdminController.php", "PHP", 0, 0, 0, 332, 0, 0, 0, 0, 0, 0, 0, 65, 89, 486
"c:\xampp\htdocs\formshub_app\app\Http\Controllers\Auth\AuthenticatedSessionController.php", "PHP", 0, 0, 0, 29, 0, 0, 0, 0, 0, 0, 0, 9, 12, 50
"c:\xampp\htdocs\formshub_app\app\Http\Controllers\Auth\ConfirmablePasswordController.php", "PHP", 0, 0, 0, 29, 0, 0, 0, 0, 0, 0, 0, 6, 7, 42
"c:\xampp\htdocs\formshub_app\app\Http\Controllers\Auth\EmailVerificationNotificationController.php", "PHP", 0, 0, 0, 29, 0, 0, 0, 0, 0, 0, 0, 3, 7, 39
"c:\xampp\htdocs\formshub_app\app\Http\Controllers\Auth\EmailVerificationPromptController.php", "PHP", 0, 0, 0, 16, 0, 0, 0, 0, 0, 0, 0, 3, 4, 23
"c:\xampp\htdocs\formshub_app\app\Http\Controllers\Auth\NewPasswordController.php", "PHP", 0, 0, 0, 40, 0, 0, 0, 0, 0, 0, 0, 14, 10, 64
"c:\xampp\htdocs\formshub_app\app\Http\Controllers\Auth\PasswordController.php", "PHP", 0, 0, 0, 21, 0, 0, 0, 0, 0, 0, 0, 3, 6, 30
"c:\xampp\htdocs\formshub_app\app\Http\Controllers\Auth\PasswordResetLinkController.php", "PHP", 0, 0, 0, 27, 0, 0, 0, 0, 0, 0, 0, 11, 7, 45
"c:\xampp\htdocs\formshub_app\app\Http\Controllers\Auth\RegisteredUserController.php", "PHP", 0, 0, 0, 35, 0, 0, 0, 0, 0, 0, 0, 8, 10, 53
"c:\xampp\htdocs\formshub_app\app\Http\Controllers\Auth\VerifyEmailController.php", "PHP", 0, 0, 0, 20, 0, 0, 0, 0, 0, 0, 0, 3, 7, 30
"c:\xampp\htdocs\formshub_app\app\Http\Controllers\Controller.php", "PHP", 0, 0, 0, 10, 0, 0, 0, 0, 0, 0, 0, 0, 4, 14
"c:\xampp\htdocs\formshub_app\app\Http\Controllers\DeviceController.php", "PHP", 0, 0, 0, 21, 0, 0, 0, 0, 0, 0, 0, 0, 11, 32
"c:\xampp\htdocs\formshub_app\app\Http\Controllers\FormController.php", "PHP", 0, 0, 0, 41, 0, 0, 0, 0, 0, 0, 0, 5, 18, 64
"c:\xampp\htdocs\formshub_app\app\Http\Controllers\LanguagesController.php", "PHP", 0, 0, 0, 9, 0, 0, 0, 0, 0, 0, 0, 0, 8, 17
"c:\xampp\htdocs\formshub_app\app\Http\Controllers\PDFController.php", "PHP", 0, 0, 0, 119, 0, 0, 0, 0, 0, 0, 0, 2, 31, 152
"c:\xampp\htdocs\formshub_app\app\Http\Controllers\ProfileController.php", "PHP", 0, 0, 0, 63, 0, 0, 0, 0, 0, 0, 0, 11, 14, 88
"c:\xampp\htdocs\formshub_app\app\Http\Controllers\QuestionController.php", "PHP", 0, 0, 0, 322, 0, 0, 0, 0, 0, 0, 0, 144, 99, 565
"c:\xampp\htdocs\formshub_app\app\Http\Controllers\SignPdfController.php", "PHP", 0, 0, 0, 21, 0, 0, 0, 0, 0, 0, 0, 1, 8, 30
"c:\xampp\htdocs\formshub_app\app\Http\Controllers\StatisticsController.php", "PHP", 0, 0, 0, 47, 0, 0, 0, 0, 0, 0, 0, 0, 9, 56
"c:\xampp\htdocs\formshub_app\app\Http\Controllers\SubscriptionController.php", "PHP", 0, 0, 0, 174, 0, 0, 0, 0, 0, 0, 0, 9, 37, 220
"c:\xampp\htdocs\formshub_app\app\Http\Controllers\UnsubscribeController.php", "PHP", 0, 0, 0, 35, 0, 0, 0, 0, 0, 0, 0, 0, 16, 51
"c:\xampp\htdocs\formshub_app\app\Http\Controllers\api\v01\DeviceApiController.php", "PHP", 0, 0, 0, 68, 0, 0, 0, 0, 0, 0, 0, 25, 15, 108
"c:\xampp\htdocs\formshub_app\app\Http\Controllers\api\v01\DeviceCodeApiController.php", "PHP", 0, 0, 0, 45, 0, 0, 0, 0, 0, 0, 0, 6, 8, 59
"c:\xampp\htdocs\formshub_app\app\Http\Kernel.php", "PHP", 0, 0, 0, 43, 0, 0, 0, 0, 0, 0, 0, 21, 10, 74
"c:\xampp\htdocs\formshub_app\app\Http\Livewire\AddDevice.php", "PHP", 0, 0, 0, 184, 0, 0, 0, 0, 0, 0, 0, 39, 30, 253
"c:\xampp\htdocs\formshub_app\app\Http\Livewire\AddQuestion.php", "PHP", 0, 0, 0, 767, 0, 0, 0, 0, 0, 0, 0, 108, 175, 1050
"c:\xampp\htdocs\formshub_app\app\Http\Livewire\AddTicket.php", "PHP", 0, 0, 0, 60, 0, 0, 0, 0, 0, 0, 0, 1, 6, 67
"c:\xampp\htdocs\formshub_app\app\Http\Livewire\AddTodo.php", "PHP", 0, 0, 0, 173, 0, 0, 0, 0, 0, 0, 0, 9, 44, 226
"c:\xampp\htdocs\formshub_app\app\Http\Livewire\Addforms.php", "PHP", 0, 0, 0, 328, 0, 0, 0, 0, 0, 0, 0, 34, 94, 456
"c:\xampp\htdocs\formshub_app\app\Http\Livewire\AllResponses.php", "PHP", 0, 0, 0, 208, 0, 0, 0, 0, 0, 0, 0, 7, 54, 269
"c:\xampp\htdocs\formshub_app\app\Http\Livewire\Allforms.php", "PHP", 0, 0, 0, 228, 0, 0, 0, 0, 0, 0, 0, 9, 58, 295
"c:\xampp\htdocs\formshub_app\app\Http\Livewire\Billings.php", "PHP", 0, 0, 0, 64, 0, 0, 0, 0, 0, 0, 0, 14, 20, 98
"c:\xampp\htdocs\formshub_app\app\Http\Livewire\Dashboard.php", "PHP", 0, 0, 0, 133, 0, 0, 0, 0, 0, 0, 0, 10, 27, 170
"c:\xampp\htdocs\formshub_app\app\Http\Livewire\EditForm.php", "PHP", 0, 0, 0, 687, 0, 0, 0, 0, 0, 0, 0, 142, 181, 1010
"c:\xampp\htdocs\formshub_app\app\Http\Livewire\EditMessages.php", "PHP", 0, 0, 0, 102, 0, 0, 0, 0, 0, 0, 0, 5, 12, 119
"c:\xampp\htdocs\formshub_app\app\Http\Livewire\EditQuestion.php", "PHP", 0, 0, 0, 640, 0, 0, 0, 0, 0, 0, 0, 189, 162, 991
"c:\xampp\htdocs\formshub_app\app\Http\Livewire\FormDetails.php", "PHP", 0, 0, 0, 38, 0, 0, 0, 0, 0, 0, 0, 3, 11, 52
"c:\xampp\htdocs\formshub_app\app\Http\Livewire\Forms\Edit\EditFormQuestions.php", "PHP", 0, 0, 0, 687, 0, 0, 0, 0, 0, 0, 0, 142, 176, 1005
"c:\xampp\htdocs\formshub_app\app\Http\Livewire\Forms\Previews\PreviewtemplateFormQuestions.php", "PHP", 0, 0, 0, 276, 0, 0, 0, 0, 0, 0, 0, 48, 62, 386
"c:\xampp\htdocs\formshub_app\app\Http\Livewire\Forms\Templates\TemplateFormQuestions.php", "PHP", 0, 0, 0, 394, 0, 0, 0, 0, 0, 0, 0, 143, 90, 627
"c:\xampp\htdocs\formshub_app\app\Http\Livewire\Formterms.php", "PHP", 0, 0, 0, 135, 0, 0, 0, 0, 0, 0, 0, 12, 31, 178
"c:\xampp\htdocs\formshub_app\app\Http\Livewire\Kiosks.php", "PHP", 0, 0, 0, 327, 0, 0, 0, 0, 0, 0, 0, 65, 87, 479
"c:\xampp\htdocs\formshub_app\app\Http\Livewire\Loginform.php", "PHP", 0, 0, 0, 25, 0, 0, 0, 0, 0, 0, 0, 0, 7, 32
"c:\xampp\htdocs\formshub_app\app\Http\Livewire\Multistepsform.php", "PHP", 0, 0, 0, 185, 0, 0, 0, 0, 0, 0, 0, 73, 61, 319
"c:\xampp\htdocs\formshub_app\app\Http\Livewire\Overview.php", "PHP", 0, 0, 0, 274, 0, 0, 0, 0, 0, 0, 0, 31, 62, 367
"c:\xampp\htdocs\formshub_app\app\Http\Livewire\PreviewForm.php", "PHP", 0, 0, 0, 44, 0, 0, 0, 0, 0, 0, 0, 0, 9, 53
"c:\xampp\htdocs\formshub_app\app\Http\Livewire\QuestionsStatistics.php", "PHP", 0, 0, 0, 288, 0, 0, 0, 0, 0, 0, 0, 20, 65, 373
"c:\xampp\htdocs\formshub_app\app\Http\Livewire\ShowResponse.php", "PHP", 0, 0, 0, 161, 0, 0, 0, 0, 0, 0, 0, 18, 32, 211
"c:\xampp\htdocs\formshub_app\app\Http\Livewire\StandBy.php", "PHP", 0, 0, 0, 73, 0, 0, 0, 0, 0, 0, 0, 1, 10, 84
"c:\xampp\htdocs\formshub_app\app\Http\Livewire\StatisticsForm.php", "PHP", 0, 0, 0, 194, 0, 0, 0, 0, 0, 0, 0, 28, 44, 266
"c:\xampp\htdocs\formshub_app\app\Http\Livewire\Subscribe.php", "PHP", 0, 0, 0, 151, 0, 0, 0, 0, 0, 0, 0, 15, 41, 207
"c:\xampp\htdocs\formshub_app\app\Http\Livewire\Subscriptions.php", "PHP", 0, 0, 0, 187, 0, 0, 0, 0, 0, 0, 0, 22, 38, 247
"c:\xampp\htdocs\formshub_app\app\Http\Livewire\Support.php", "PHP", 0, 0, 0, 42, 0, 0, 0, 0, 0, 0, 0, 1, 8, 51
"c:\xampp\htdocs\formshub_app\app\Http\Livewire\ToDoList.php", "PHP", 0, 0, 0, 120, 0, 0, 0, 0, 0, 0, 0, 9, 21, 150
"c:\xampp\htdocs\formshub_app\app\Http\Livewire\ViewForm.php", "PHP", 0, 0, 0, 172, 0, 0, 0, 0, 0, 0, 0, 25, 32, 229
"c:\xampp\htdocs\formshub_app\app\Http\Livewire\signPdf\AddSignPdf.php", "PHP", 0, 0, 0, 316, 0, 0, 0, 0, 0, 0, 0, 48, 101, 465
"c:\xampp\htdocs\formshub_app\app\Http\Livewire\signPdf\SignPdfIndex.php", "PHP", 0, 0, 0, 83, 0, 0, 0, 0, 0, 0, 0, 0, 12, 95
"c:\xampp\htdocs\formshub_app\app\Http\Livewire\signPdf\SignPdfTemplate.php", "PHP", 0, 0, 0, 150, 0, 0, 0, 0, 0, 0, 0, 15, 32, 197
"c:\xampp\htdocs\formshub_app\app\Http\Middleware\AdminRedirectIfAuthenticated.php", "PHP", 0, 0, 0, 19, 0, 0, 0, 0, 0, 0, 0, 8, 9, 36
"c:\xampp\htdocs\formshub_app\app\Http\Middleware\Authenticate.php", "PHP", 0, 0, 0, 15, 0, 0, 0, 0, 0, 0, 0, 6, 5, 26
"c:\xampp\htdocs\formshub_app\app\Http\Middleware\CheckAdminPasswordChange.php", "PHP", 0, 0, 0, 19, 0, 0, 0, 0, 0, 0, 0, 10, 6, 35
"c:\xampp\htdocs\formshub_app\app\Http\Middleware\EncryptCookies.php", "PHP", 0, 0, 0, 8, 0, 0, 0, 0, 0, 0, 0, 6, 4, 18
"c:\xampp\htdocs\formshub_app\app\Http\Middleware\PreventRequestsDuringMaintenance.php", "PHP", 0, 0, 0, 8, 0, 0, 0, 0, 0, 0, 0, 6, 4, 18
"c:\xampp\htdocs\formshub_app\app\Http\Middleware\RedirectIfAuthenticated.php", "PHP", 0, 0, 0, 23, 0, 0, 0, 0, 0, 0, 0, 8, 8, 39
"c:\xampp\htdocs\formshub_app\app\Http\Middleware\TrimStrings.php", "PHP", 0, 0, 0, 11, 0, 0, 0, 0, 0, 0, 0, 5, 4, 20
"c:\xampp\htdocs\formshub_app\app\Http\Middleware\TrustHosts.php", "PHP", 0, 0, 0, 12, 0, 0, 0, 0, 0, 0, 0, 5, 4, 21
"c:\xampp\htdocs\formshub_app\app\Http\Middleware\TrustProxies.php", "PHP", 0, 0, 0, 14, 0, 0, 0, 0, 0, 0, 0, 10, 5, 29
"c:\xampp\htdocs\formshub_app\app\Http\Middleware\ValidateSignature.php", "PHP", 0, 0, 0, 8, 0, 0, 0, 0, 0, 0, 0, 11, 4, 23
"c:\xampp\htdocs\formshub_app\app\Http\Middleware\VerifyCsrfToken.php", "PHP", 0, 0, 0, 8, 0, 0, 0, 0, 0, 0, 0, 6, 4, 18
"c:\xampp\htdocs\formshub_app\app\Http\Requests\Auth\LoginRequest.php", "PHP", 0, 0, 0, 52, 0, 0, 0, 0, 0, 0, 0, 21, 17, 90
"c:\xampp\htdocs\formshub_app\app\Http\Requests\ProfileUpdateRequest.php", "PHP", 0, 0, 0, 17, 0, 0, 0, 0, 0, 0, 0, 5, 4, 26
"c:\xampp\htdocs\formshub_app\app\Http\Responses\LoginResponse.php", "PHP", 0, 0, 0, 13, 0, 0, 0, 0, 0, 0, 0, 6, 5, 24
"c:\xampp\htdocs\formshub_app\app\Jobs\RefreshKiosk.php", "PHP", 0, 0, 0, 23, 0, 0, 0, 0, 0, 0, 0, 2, 9, 34
"c:\xampp\htdocs\formshub_app\app\Jobs\RefreshKiosks.php", "PHP", 0, 0, 0, 32, 0, 0, 0, 0, 0, 0, 0, 12, 9, 53
"c:\xampp\htdocs\formshub_app\app\Jobs\RefreshSignatueAccount.php", "PHP", 0, 0, 0, 22, 0, 0, 0, 0, 0, 0, 0, 10, 5, 37
"c:\xampp\htdocs\formshub_app\app\Models\Account.php", "PHP", 0, 0, 0, 107, 0, 0, 0, 0, 0, 0, 0, 26, 21, 154
"c:\xampp\htdocs\formshub_app\app\Models\AccountInvitation.php", "PHP", 0, 0, 0, 16, 0, 0, 0, 0, 0, 0, 0, 8, 5, 29
"c:\xampp\htdocs\formshub_app\app\Models\AccountUser.php", "PHP", 0, 0, 0, 9, 0, 0, 0, 0, 0, 0, 0, 0, 4, 13
"c:\xampp\htdocs\formshub_app\app\Models\Action.php", "PHP", 0, 0, 0, 22, 0, 0, 0, 0, 0, 0, 0, 1, 5, 28
"c:\xampp\htdocs\formshub_app\app\Models\ActionAccount.php", "PHP", 0, 0, 0, 16, 0, 0, 0, 0, 0, 0, 0, 0, 7, 23
"c:\xampp\htdocs\formshub_app\app\Models\Admin.php", "PHP", 0, 0, 0, 22, 0, 0, 0, 0, 0, 0, 0, 0, 3, 25
"c:\xampp\htdocs\formshub_app\app\Models\Answers.php", "PHP", 0, 0, 0, 9, 0, 0, 0, 0, 0, 0, 0, 0, 5, 14
"c:\xampp\htdocs\formshub_app\app\Models\AnswersTranslation.php", "PHP", 0, 0, 0, 9, 0, 0, 0, 0, 0, 0, 0, 0, 4, 13
"c:\xampp\htdocs\formshub_app\app\Models\CategoryType.php", "PHP", 0, 0, 0, 9, 0, 0, 0, 0, 0, 0, 0, 0, 4, 13
"c:\xampp\htdocs\formshub_app\app\Models\Cities.php", "PHP", 0, 0, 0, 9, 0, 0, 0, 0, 0, 0, 0, 0, 4, 13
"c:\xampp\htdocs\formshub_app\app\Models\Countries.php", "PHP", 0, 0, 0, 9, 0, 0, 0, 0, 0, 0, 0, 0, 4, 13
"c:\xampp\htdocs\formshub_app\app\Models\CustomQuestion.php", "PHP", 0, 0, 0, 9, 0, 0, 0, 0, 0, 0, 0, 0, 4, 13
"c:\xampp\htdocs\formshub_app\app\Models\CustomQuestionTranslation.php", "PHP", 0, 0, 0, 9, 0, 0, 0, 0, 0, 0, 0, 0, 4, 13
"c:\xampp\htdocs\formshub_app\app\Models\DeletedAccount.php", "PHP", 0, 0, 0, 9, 0, 0, 0, 0, 0, 0, 0, 0, 4, 13
"c:\xampp\htdocs\formshub_app\app\Models\DeviceCode.php", "PHP", 0, 0, 0, 8, 0, 0, 0, 0, 0, 0, 0, 1, 4, 13
"c:\xampp\htdocs\formshub_app\app\Models\Form.php", "PHP", 0, 0, 0, 106, 0, 0, 0, 0, 0, 0, 0, 10, 27, 143
"c:\xampp\htdocs\formshub_app\app\Models\FormTrnslations.php", "PHP", 0, 0, 0, 9, 0, 0, 0, 0, 0, 0, 0, 0, 9, 18
"c:\xampp\htdocs\formshub_app\app\Models\FormType.php", "PHP", 0, 0, 0, 9, 0, 0, 0, 0, 0, 0, 0, 0, 4, 13
"c:\xampp\htdocs\formshub_app\app\Models\Invoice.php", "PHP", 0, 0, 0, 9, 0, 0, 0, 0, 0, 0, 0, 0, 4, 13
"c:\xampp\htdocs\formshub_app\app\Models\Kiosk.php", "PHP", 0, 0, 0, 38, 0, 0, 0, 0, 0, 0, 0, 12, 9, 59
"c:\xampp\htdocs\formshub_app\app\Models\Logos.php", "PHP", 0, 0, 0, 9, 0, 0, 0, 0, 0, 0, 0, 0, 4, 13
"c:\xampp\htdocs\formshub_app\app\Models\Membership.php", "PHP", 0, 0, 0, 7, 0, 0, 0, 0, 0, 0, 0, 5, 4, 16
"c:\xampp\htdocs\formshub_app\app\Models\PdfFile.php", "PHP", 0, 0, 0, 9, 0, 0, 0, 0, 0, 0, 0, 0, 5, 14
"c:\xampp\htdocs\formshub_app\app\Models\PdfFileTranslation.php", "PHP", 0, 0, 0, 41, 0, 0, 0, 0, 0, 0, 0, 0, 12, 53
"c:\xampp\htdocs\formshub_app\app\Models\Pictures.php", "PHP", 0, 0, 0, 9, 0, 0, 0, 0, 0, 0, 0, 0, 4, 13
"c:\xampp\htdocs\formshub_app\app\Models\QuestionTranslation.php", "PHP", 0, 0, 0, 9, 0, 0, 0, 0, 0, 0, 0, 0, 4, 13
"c:\xampp\htdocs\formshub_app\app\Models\QuestionType.php", "PHP", 0, 0, 0, 9, 0, 0, 0, 0, 0, 0, 0, 0, 4, 13
"c:\xampp\htdocs\formshub_app\app\Models\Questions.php", "PHP", 0, 0, 0, 17, 0, 0, 0, 0, 0, 0, 0, 4, 4, 25
"c:\xampp\htdocs\formshub_app\app\Models\ResponseCategory.php", "PHP", 0, 0, 0, 9, 0, 0, 0, 0, 0, 0, 0, 0, 4, 13
"c:\xampp\htdocs\formshub_app\app\Models\ResponsedCustomersInfo.php", "PHP", 0, 0, 0, 9, 0, 0, 0, 0, 0, 0, 0, 0, 4, 13
"c:\xampp\htdocs\formshub_app\app\Models\ResponsedQuestions.php", "PHP", 0, 0, 0, 9, 0, 0, 0, 0, 0, 0, 0, 0, 4, 13
"c:\xampp\htdocs\formshub_app\app\Models\Responses.php", "PHP", 0, 0, 0, 170, 0, 0, 0, 0, 0, 0, 0, 20, 33, 223
"c:\xampp\htdocs\formshub_app\app\Models\SignFile.php", "PHP", 0, 0, 0, 46, 0, 0, 0, 0, 0, 0, 0, 2, 14, 62
"c:\xampp\htdocs\formshub_app\app\Models\Subscribe.php", "PHP", 0, 0, 0, 9, 0, 0, 0, 0, 0, 0, 0, 0, 4, 13
"c:\xampp\htdocs\formshub_app\app\Models\SubscribeItem.php", "PHP", 0, 0, 0, 9, 0, 0, 0, 0, 0, 0, 0, 0, 4, 13
"c:\xampp\htdocs\formshub_app\app\Models\SubscribePlan.php", "PHP", 0, 0, 0, 78, 0, 0, 0, 0, 0, 0, 0, 2, 16, 96
"c:\xampp\htdocs\formshub_app\app\Models\SupportTicket.php", "PHP", 0, 0, 0, 39, 0, 0, 0, 0, 0, 0, 0, 8, 15, 62
"c:\xampp\htdocs\formshub_app\app\Models\ToDo.php", "PHP", 0, 0, 0, 43, 0, 0, 0, 0, 0, 0, 0, 5, 10, 58
"c:\xampp\htdocs\formshub_app\app\Models\TypeSubscribe.php", "PHP", 0, 0, 0, 9, 0, 0, 0, 0, 0, 0, 0, 0, 4, 13
"c:\xampp\htdocs\formshub_app\app\Models\User.php", "PHP", 0, 0, 0, 64, 0, 0, 0, 0, 0, 0, 0, 21, 12, 97
"c:\xampp\htdocs\formshub_app\app\Models\canceledPlan.php", "PHP", 0, 0, 0, 9, 0, 0, 0, 0, 0, 0, 0, 0, 4, 13
"c:\xampp\htdocs\formshub_app\app\Notifications\CancelSubscription.php", "PHP", 0, 0, 0, 33, 0, 0, 0, 0, 0, 0, 0, 25, 8, 66
"c:\xampp\htdocs\formshub_app\app\Notifications\DeleteAccount.php", "PHP", 0, 0, 0, 29, 0, 0, 0, 0, 0, 0, 0, 25, 8, 62
"c:\xampp\htdocs\formshub_app\app\Notifications\FreePlanExpired.php", "PHP", 0, 0, 0, 37, 0, 0, 0, 0, 0, 0, 0, 25, 6, 68
"c:\xampp\htdocs\formshub_app\app\Notifications\InvoiceNotification.php", "PHP", 0, 0, 0, 49, 0, 0, 0, 0, 0, 0, 0, 27, 12, 88
"c:\xampp\htdocs\formshub_app\app\Notifications\NewTicket.php", "PHP", 0, 0, 0, 35, 0, 0, 0, 0, 0, 0, 0, 28, 7, 70
"c:\xampp\htdocs\formshub_app\app\Notifications\PlanExpired.php", "PHP", 0, 0, 0, 36, 0, 0, 0, 0, 0, 0, 0, 25, 6, 67
"c:\xampp\htdocs\formshub_app\app\Notifications\ResponsesWarning.php", "PHP", 0, 0, 0, 36, 0, 0, 0, 0, 0, 0, 0, 25, 7, 68
"c:\xampp\htdocs\formshub_app\app\Notifications\ResponsesZeroWarning.php", "PHP", 0, 0, 0, 36, 0, 0, 0, 0, 0, 0, 0, 25, 7, 68
"c:\xampp\htdocs\formshub_app\app\Policies\AccountPolicy.php", "PHP", 0, 0, 0, 75, 0, 0, 0, 0, 0, 0, 0, 25, 20, 120
"c:\xampp\htdocs\formshub_app\app\Providers\AppServiceProvider.php", "PHP", 0, 0, 0, 12, 0, 0, 0, 0, 0, 0, 0, 12, 5, 29
"c:\xampp\htdocs\formshub_app\app\Providers\AuthServiceProvider.php", "PHP", 0, 0, 0, 15, 0, 0, 0, 0, 0, 0, 0, 9, 6, 30
"c:\xampp\htdocs\formshub_app\app\Providers\BroadcastServiceProvider.php", "PHP", 0, 0, 0, 12, 0, 0, 0, 0, 0, 0, 0, 5, 5, 22
"c:\xampp\htdocs\formshub_app\app\Providers\EventServiceProvider.php", "PHP", 0, 0, 0, 21, 0, 0, 0, 0, 0, 0, 0, 16, 7, 44
"c:\xampp\htdocs\formshub_app\app\Providers\FortifyServiceProvider.php", "PHP", 0, 0, 0, 63, 0, 0, 0, 0, 0, 0, 0, 8, 9, 80
"c:\xampp\htdocs\formshub_app\app\Providers\JetstreamServiceProvider.php", "PHP", 0, 0, 0, 43, 0, 0, 0, 0, 0, 0, 0, 10, 10, 63
"c:\xampp\htdocs\formshub_app\app\Providers\RouteServiceProvider.php", "PHP", 0, 0, 0, 31, 0, 0, 0, 0, 0, 0, 0, 17, 8, 56
"c:\xampp\htdocs\formshub_app\app\Rules\IsValidNumberPhone.php", "PHP", 0, 0, 0, 16, 0, 0, 0, 0, 0, 0, 0, 19, 6, 41
"c:\xampp\htdocs\formshub_app\app\Rules\IsValidPassword.php", "PHP", 0, 0, 0, 50, 0, 0, 0, 0, 0, 0, 0, 32, 16, 98
"c:\xampp\htdocs\formshub_app\app\View\Components\AppLayout.php", "PHP", 0, 0, 0, 14, 0, 0, 0, 0, 0, 0, 0, 3, 4, 21
"c:\xampp\htdocs\formshub_app\app\View\Components\GuestLayout.php", "PHP", 0, 0, 0, 11, 0, 0, 0, 0, 0, 0, 0, 3, 4, 18
"c:\xampp\htdocs\formshub_app\bootstrap\app.php", "PHP", 0, 0, 0, 17, 0, 0, 0, 0, 0, 0, 0, 30, 9, 56
"c:\xampp\htdocs\formshub_app\composer.json", "JSON", 0, 0, 88, 0, 0, 0, 0, 0, 0, 0, 0, 0, 1, 89
"c:\xampp\htdocs\formshub_app\composer.lock", "JSON", 0, 0, 10668, 0, 0, 0, 0, 0, 0, 0, 0, 0, 1, 10669
"c:\xampp\htdocs\formshub_app\config\app.php", "PHP", 0, 0, 0, 54, 0, 0, 0, 0, 0, 0, 0, 134, 35, 223
"c:\xampp\htdocs\formshub_app\config\auth.php", "PHP", 0, 0, 0, 42, 0, 0, 0, 0, 0, 0, 0, 82, 14, 138
"c:\xampp\htdocs\formshub_app\config\broadcasting.php", "PHP", 0, 0, 0, 35, 0, 0, 0, 0, 0, 0, 0, 23, 13, 71
"c:\xampp\htdocs\formshub_app\config\cache.php", "PHP", 0, 0, 0, 58, 0, 0, 0, 0, 0, 0, 0, 34, 19, 111
"c:\xampp\htdocs\formshub_app\config\cors.php", "PHP", 0, 0, 0, 3, 0, 0, 0, 0, 0, 0, 0, 29, 3, 35
"c:\xampp\htdocs\formshub_app\config\database.php", "PHP", 0, 0, 0, 91, 0, 0, 0, 0, 0, 0, 0, 48, 22, 161
"c:\xampp\htdocs\formshub_app\config\filesystems.php", "PHP", 0, 0, 0, 32, 0, 0, 0, 0, 0, 0, 0, 32, 13, 77
"c:\xampp\htdocs\formshub_app\config\fortify.php", "PHP", 0, 0, 0, 28, 0, 0, 0, 0, 0, 0, 0, 96, 24, 148
"c:\xampp\htdocs\formshub_app\config\hashing.php", "PHP", 0, 0, 0, 12, 0, 0, 0, 0, 0, 0, 0, 32, 9, 53
"c:\xampp\htdocs\formshub_app\config\jetstream.php", "PHP", 0, 0, 0, 22, 0, 0, 0, 0, 0, 0, 0, 53, 16, 91
"c:\xampp\htdocs\formshub_app\config\livewire.php", "PHP", 0, 0, 0, 24, 0, 0, 0, 0, 0, 0, 0, 112, 23, 159
"c:\xampp\htdocs\formshub_app\config\logging.php", "PHP", 0, 0, 0, 70, 0, 0, 0, 0, 0, 0, 0, 34, 19, 123
"c:\xampp\htdocs\formshub_app\config\mail.php", "PHP", 0, 0, 0, 53, 0, 0, 0, 0, 0, 0, 0, 47, 19, 119
"c:\xampp\htdocs\formshub_app\config\queue.php", "PHP", 0, 0, 0, 47, 0, 0, 0, 0, 0, 0, 0, 32, 15, 94
"c:\xampp\htdocs\formshub_app\config\sanctum.php", "PHP", 0, 0, 0, 15, 0, 0, 0, 0, 0, 0, 0, 41, 12, 68
"c:\xampp\htdocs\formshub_app\config\services.php", "PHP", 0, 0, 0, 17, 0, 0, 0, 0, 0, 0, 0, 11, 7, 35
"c:\xampp\htdocs\formshub_app\config\session.php", "PHP", 0, 0, 0, 22, 0, 0, 0, 0, 0, 0, 0, 147, 33, 202
"c:\xampp\htdocs\formshub_app\config\view.php", "PHP", 0, 0, 0, 10, 0, 0, 0, 0, 0, 0, 0, 20, 7, 37
"c:\xampp\htdocs\formshub_app\database\factories\AccountFactory.php", "PHP", 0, 0, 0, 17, 0, 0, 0, 0, 0, 0, 0, 10, 5, 32
"c:\xampp\htdocs\formshub_app\database\factories\UserFactory.php", "PHP", 0, 0, 0, 46, 0, 0, 0, 0, 0, 0, 0, 20, 8, 74
"c:\xampp\htdocs\formshub_app\database\migrations\2014_10_12_000000_create_users_table.php", "PHP", 0, 0, 0, 25, 0, 0, 0, 0, 0, 0, 0, 6, 4, 35
"c:\xampp\htdocs\formshub_app\database\migrations\2014_10_12_100000_create_password_resets_table.php", "PHP", 0, 0, 0, 20, 0, 0, 0, 0, 0, 0, 0, 10, 4, 34
"c:\xampp\htdocs\formshub_app\database\migrations\2014_10_12_200000_add_two_factor_columns_to_users_table.php", "PHP", 0, 0, 0, 35, 0, 0, 0, 0, 0, 0, 0, 6, 6, 47
"c:\xampp\htdocs\formshub_app\database\migrations\2019_05_03_000001_create_customer_columns.php", "PHP", 0, 0, 0, 27, 0, 0, 0, 0, 0, 0, 0, 6, 4, 37
"c:\xampp\htdocs\formshub_app\database\migrations\2019_05_03_000002_create_subscriptions_table.php", "PHP", 0, 0, 0, 27, 0, 0, 0, 0, 0, 0, 0, 6, 5, 38
"c:\xampp\htdocs\formshub_app\database\migrations\2019_05_03_000003_create_subscription_items_table.php", "PHP", 0, 0, 0, 24, 0, 0, 0, 0, 0, 0, 0, 6, 5, 35
"c:\xampp\htdocs\formshub_app\database\migrations\2019_08_19_000000_create_failed_jobs_table.php", "PHP", 0, 0, 0, 24, 0, 0, 0, 0, 0, 0, 0, 10, 4, 38
"c:\xampp\htdocs\formshub_app\database\migrations\2019_12_14_000001_create_personal_access_tokens_table.php", "PHP", 0, 0, 0, 24, 0, 0, 0, 0, 0, 0, 0, 6, 4, 34
"c:\xampp\htdocs\formshub_app\database\migrations\2020_05_21_100000_create_teams_table.php", "PHP", 0, 0, 0, 21, 0, 0, 0, 0, 0, 0, 0, 6, 4, 31
"c:\xampp\htdocs\formshub_app\database\migrations\2020_05_21_200000_create_team_user_table.php", "PHP", 0, 0, 0, 22, 0, 0, 0, 0, 0, 0, 0, 6, 5, 33
"c:\xampp\htdocs\formshub_app\database\migrations\2020_05_21_300000_create_team_invitations_table.php", "PHP", 0, 0, 0, 22, 0, 0, 0, 0, 0, 0, 0, 6, 5, 33
"c:\xampp\htdocs\formshub_app\database\migrations\2023_01_12_104457_create_sessions_table.php", "PHP", 0, 0, 0, 23, 0, 0, 0, 0, 0, 0, 0, 10, 4, 37
"c:\xampp\htdocs\formshub_app\database\migrations\2023_01_14_131258_create_countries_table.php", "PHP", 0, 0, 0, 21, 0, 0, 0, 0, 0, 0, 0, 10, 4, 35
"c:\xampp\htdocs\formshub_app\database\migrations\2023_01_14_131654_create_cities_table.php", "PHP", 0, 0, 0, 21, 0, 0, 0, 0, 0, 0, 0, 10, 6, 37
"c:\xampp\htdocs\formshub_app\database\migrations\2023_03_19_073413_create_sessions_table.php", "PHP", 0, 0, 0, 22, 0, 0, 0, 0, 0, 0, 0, 10, 4, 36
"c:\xampp\htdocs\formshub_app\database\migrations\2023_10_04_093936_create_admins_table.php", "PHP", 0, 0, 0, 25, 0, 0, 0, 0, 0, 0, 0, 10, 4, 39
"c:\xampp\htdocs\formshub_app\index.html", "HTML", 0, 0, 0, 0, 0, 0, 0, 347, 0, 0, 0, 27, 51, 425
"c:\xampp\htdocs\formshub_app\lang\ar\auth.php", "PHP", 0, 0, 0, 7, 0, 0, 0, 0, 0, 0, 0, 10, 4, 21
"c:\xampp\htdocs\formshub_app\lang\ar\main.php", "PHP", 0, 0, 0, 6, 0, 0, 0, 0, 0, 0, 0, 10, 5, 21
"c:\xampp\htdocs\formshub_app\lang\ar\pagination.php", "PHP", 0, 0, 0, 5, 0, 0, 0, 0, 0, 0, 0, 10, 5, 20
"c:\xampp\htdocs\formshub_app\lang\ar\passwords.php", "PHP", 0, 0, 0, 8, 0, 0, 0, 0, 0, 0, 0, 10, 5, 23
"c:\xampp\htdocs\formshub_app\lang\ar\validation.php", "PHP", 0, 0, 0, 141, 0, 0, 0, 0, 0, 0, 0, 30, 9, 180
"c:\xampp\htdocs\formshub_app\lang\en\auth.php", "PHP", 0, 0, 0, 8, 0, 0, 0, 0, 0, 0, 0, 10, 4, 22
"c:\xampp\htdocs\formshub_app\lang\en\main.php", "PHP", 0, 0, 0, 4, 0, 0, 0, 0, 0, 0, 0, 10, 6, 20
"c:\xampp\htdocs\formshub_app\lang\en\pagination.php", "PHP", 0, 0, 0, 5, 0, 0, 0, 0, 0, 0, 0, 10, 5, 20
"c:\xampp\htdocs\formshub_app\lang\en\passwords.php", "PHP", 0, 0, 0, 8, 0, 0, 0, 0, 0, 0, 0, 10, 5, 23
"c:\xampp\htdocs\formshub_app\lang\en\validation.php", "PHP", 0, 0, 0, 141, 0, 0, 0, 0, 0, 0, 0, 30, 9, 180
"c:\xampp\htdocs\formshub_app\package-lock.json", "JSON", 0, 0, 3235, 0, 0, 0, 0, 0, 0, 0, 0, 0, 1, 3236
"c:\xampp\htdocs\formshub_app\package.json", "JSON", 0, 0, 27, 0, 0, 0, 0, 0, 0, 0, 0, 0, 1, 28
"c:\xampp\htdocs\formshub_app\phpunit.xml", "XML", 0, 0, 0, 0, 0, 0, 0, 0, 29, 0, 0, 2, 1, 32
"c:\xampp\htdocs\formshub_app\postcss.config.js", "JavaScript", 0, 6, 0, 0, 0, 0, 0, 0, 0, 0, 0, 0, 1, 7
"c:\xampp\htdocs\formshub_app\public\KioskBoard-main\.dev\.eslintrc.json", "JSON", 0, 0, 43, 0, 0, 0, 0, 0, 0, 0, 0, 0, 1, 44
"c:\xampp\htdocs\formshub_app\public\KioskBoard-main\.dev\dev-allinone.js", "JavaScript", 0, 54, 0, 0, 0, 0, 0, 0, 0, 0, 0, 27, 7, 88
"c:\xampp\htdocs\formshub_app\public\KioskBoard-main\.dev\dev-constants.js", "JavaScript", 0, 53, 0, 0, 0, 0, 0, 0, 0, 0, 0, 18, 7, 78
"c:\xampp\htdocs\formshub_app\public\KioskBoard-main\.dev\dev-minifier.js", "JavaScript", 0, 81, 0, 0, 0, 0, 0, 0, 0, 0, 0, 39, 11, 131
"c:\xampp\htdocs\formshub_app\public\KioskBoard-main\.eslintrc.json", "JSON", 0, 0, 43, 0, 0, 0, 0, 0, 0, 0, 0, 0, 1, 44
"c:\xampp\htdocs\formshub_app\public\KioskBoard-main\.github\FUNDING.yml", "YAML", 0, 0, 0, 0, 0, 0, 0, 0, 0, 1, 0, 0, 1, 2
"c:\xampp\htdocs\formshub_app\public\KioskBoard-main\.github\ISSUE_TEMPLATE\bugreport.md", "Markdown", 0, 0, 0, 0, 30, 0, 0, 0, 0, 0, 0, 0, 8, 38
"c:\xampp\htdocs\formshub_app\public\KioskBoard-main\.github\ISSUE_TEMPLATE\featurerequest.md", "Markdown", 0, 0, 0, 0, 15, 0, 0, 0, 0, 0, 0, 0, 5, 20
"c:\xampp\htdocs\formshub_app\public\KioskBoard-main\.stylelintrc.json", "JSON", 0, 0, 3, 0, 0, 0, 0, 0, 0, 0, 0, 0, 1, 4
"c:\xampp\htdocs\formshub_app\public\KioskBoard-main\CHANGELOG.md", "Markdown", 0, 0, 0, 0, 87, 0, 0, 0, 0, 0, 0, 0, 41, 128
"c:\xampp\htdocs\formshub_app\public\KioskBoard-main\CODE_OF_CONDUCT.md", "Markdown", 0, 0, 0, 0, 57, 0, 0, 0, 0, 0, 0, 0, 20, 77
"c:\xampp\htdocs\formshub_app\public\KioskBoard-main\CONTRIBUTING.md", "Markdown", 0, 0, 0, 0, 10, 0, 0, 0, 0, 0, 0, 0, 4, 14
"c:\xampp\htdocs\formshub_app\public\KioskBoard-main\README.md", "Markdown", 0, 0, 0, 0, 198, 0, 0, 0, 0, 0, 0, 3, 74, 275
"c:\xampp\htdocs\formshub_app\public\KioskBoard-main\SECURITY.md", "Markdown", 0, 0, 0, 0, 9, 0, 0, 0, 0, 0, 0, 0, 6, 15
"c:\xampp\htdocs\formshub_app\public\KioskBoard-main\build\kioskboard-aio.d.ts", "TypeScript", 0, 0, 0, 0, 0, 0, 3, 0, 0, 0, 0, 0, 1, 4
"c:\xampp\htdocs\formshub_app\public\KioskBoard-main\build\kioskboard-aio.js", "JavaScript", 0, 696, 0, 0, 0, 0, 0, 0, 0, 0, 0, 167, 92, 955
"c:\xampp\htdocs\formshub_app\public\KioskBoard-main\dist\kioskboard-2.3.0.min.css", "CSS", 1, 0, 0, 0, 0, 0, 0, 0, 0, 0, 0, 1, 1, 3
"c:\xampp\htdocs\formshub_app\public\KioskBoard-main\dist\kioskboard-2.3.0.min.js", "JavaScript", 0, 1, 0, 0, 0, 0, 0, 0, 0, 0, 0, 1, 1, 3
"c:\xampp\htdocs\formshub_app\public\KioskBoard-main\dist\kioskboard-aio-2.3.0.min.js", "JavaScript", 0, 1, 0, 0, 0, 0, 0, 0, 0, 0, 0, 1, 1, 3
"c:\xampp\htdocs\formshub_app\public\KioskBoard-main\dist\kioskboard-keys-arabic.json", "JSON", 0, 0, 41, 0, 0, 0, 0, 0, 0, 0, 0, 0, 0, 41
"c:\xampp\htdocs\formshub_app\public\KioskBoard-main\dist\kioskboard-keys-english.json", "JSON", 0, 0, 34, 0, 0, 0, 0, 0, 0, 0, 0, 0, 0, 34
"c:\xampp\htdocs\formshub_app\public\KioskBoard-main\dist\kioskboard-keys-french.json", "JSON", 0, 0, 38, 0, 0, 0, 0, 0, 0, 0, 0, 0, 0, 38
"c:\xampp\htdocs\formshub_app\public\KioskBoard-main\dist\kioskboard-keys-german.json", "JSON", 0, 0, 37, 0, 0, 0, 0, 0, 0, 0, 0, 0, 0, 37
"c:\xampp\htdocs\formshub_app\public\KioskBoard-main\dist\kioskboard-keys-hungarian.json", "JSON", 0, 0, 55, 0, 0, 0, 0, 0, 0, 0, 0, 0, 1, 56
"c:\xampp\htdocs\formshub_app\public\KioskBoard-main\dist\kioskboard-keys-persian.json", "JSON", 0, 0, 40, 0, 0, 0, 0, 0, 0, 0, 0, 0, 0, 40
"c:\xampp\htdocs\formshub_app\public\KioskBoard-main\dist\kioskboard-keys-russian.json", "JSON", 0, 0, 41, 0, 0, 0, 0, 0, 0, 0, 0, 0, 0, 41
"c:\xampp\htdocs\formshub_app\public\KioskBoard-main\dist\kioskboard-keys-spanish.json", "JSON", 0, 0, 35, 0, 0, 0, 0, 0, 0, 0, 0, 0, 0, 35
"c:\xampp\htdocs\formshub_app\public\KioskBoard-main\dist\kioskboard-keys-turkish.json", "JSON", 0, 0, 40, 0, 0, 0, 0, 0, 0, 0, 0, 0, 0, 40
"c:\xampp\htdocs\formshub_app\public\KioskBoard-main\docs\images\Keyboard-Types-Icons-All.svg", "XML", 0, 0, 0, 0, 0, 0, 0, 0, 17, 0, 0, 0, 0, 17
"c:\xampp\htdocs\formshub_app\public\KioskBoard-main\docs\images\Keyboard-Types-Icons-Keyboard.svg", "XML", 0, 0, 0, 0, 0, 0, 0, 0, 17, 0, 0, 0, 0, 17
"c:\xampp\htdocs\formshub_app\public\KioskBoard-main\docs\images\Keyboard-Types-Icons-Numpad.svg", "XML", 0, 0, 0, 0, 0, 0, 0, 0, 17, 0, 0, 0, 0, 17
"c:\xampp\htdocs\formshub_app\public\KioskBoard-main\docs\images\KioskBoard-Slider.svg", "XML", 0, 0, 0, 0, 0, 0, 0, 0, 63, 0, 0, 0, 1, 64
"c:\xampp\htdocs\formshub_app\public\KioskBoard-main\docs\index-tooltip.js", "JavaScript", 0, 381, 0, 0, 0, 0, 0, 0, 0, 0, 0, 22, 117, 520
"c:\xampp\htdocs\formshub_app\public\KioskBoard-main\docs\index.css", "CSS", 911, 0, 0, 0, 0, 0, 0, 0, 0, 0, 0, 26, 136, 1073
"c:\xampp\htdocs\formshub_app\public\KioskBoard-main\docs\index.html", "HTML", 0, 0, 0, 0, 0, 0, 0, 401, 0, 0, 0, 6, 81, 488
"c:\xampp\htdocs\formshub_app\public\KioskBoard-main\docs\index.js", "JavaScript", 0, 121, 0, 0, 0, 0, 0, 0, 0, 0, 0, 24, 9, 154
"c:\xampp\htdocs\formshub_app\public\KioskBoard-main\docs\kioskboard-aio-2.3.0.min.js", "JavaScript", 0, 1, 0, 0, 0, 0, 0, 0, 0, 0, 0, 1, 1, 3
"c:\xampp\htdocs\formshub_app\public\KioskBoard-main\docs\kioskboard-keys-turkish.json", "JSON", 0, 0, 40, 0, 0, 0, 0, 0, 0, 0, 0, 0, 0, 40
"c:\xampp\htdocs\formshub_app\public\KioskBoard-main\index.d.test.ts", "TypeScript", 0, 0, 0, 0, 0, 0, 93, 0, 0, 0, 0, 0, 4, 97
"c:\xampp\htdocs\formshub_app\public\KioskBoard-main\index.d.ts", "TypeScript", 0, 0, 0, 0, 0, 0, 33, 0, 0, 0, 0, 133, 29, 195
"c:\xampp\htdocs\formshub_app\public\KioskBoard-main\package.json", "JSON", 0, 0, 51, 0, 0, 0, 0, 0, 0, 0, 0, 0, 1, 52
"c:\xampp\htdocs\formshub_app\public\KioskBoard-main\src\kioskboard.css", "CSS", 657, 0, 0, 0, 0, 0, 0, 0, 0, 0, 0, 36, 114, 807
"c:\xampp\htdocs\formshub_app\public\KioskBoard-main\src\kioskboard.d.ts", "TypeScript", 0, 0, 0, 0, 0, 0, 3, 0, 0, 0, 0, 0, 1, 4
"c:\xampp\htdocs\formshub_app\public\KioskBoard-main\src\kioskboard.js", "JavaScript", 0, 696, 0, 0, 0, 0, 0, 0, 0, 0, 0, 166, 92, 954
"c:\xampp\htdocs\formshub_app\public\KioskBoard-main\tsconfig.json", "JSON with Comments", 0, 0, 0, 0, 0, 36, 0, 0, 0, 0, 0, 0, 1, 37
"c:\xampp\htdocs\formshub_app\public\images\flags\gb.svg", "XML", 0, 0, 0, 0, 0, 0, 0, 0, 23, 0, 0, 1, 1, 25
"c:\xampp\htdocs\formshub_app\public\images\flags\ph.svg", "XML", 0, 0, 0, 0, 0, 0, 0, 0, 6, 0, 0, 1, 5, 12
"c:\xampp\htdocs\formshub_app\public\images\flags\pk.svg", "XML", 0, 0, 0, 0, 0, 0, 0, 0, 6, 0, 0, 1, 5, 12
"c:\xampp\htdocs\formshub_app\public\images\flags\sa.svg", "XML", 0, 0, 0, 0, 0, 0, 0, 0, 6, 0, 0, 1, 5, 12
"c:\xampp\htdocs\formshub_app\public\images\survey_types\Arabic\desktop.ini", "Ini", 0, 0, 0, 0, 0, 0, 0, 0, 0, 0, 7, 0, 0, 7
"c:\xampp\htdocs\formshub_app\public\images\survey_types\English\desktop.ini", "Ini", 0, 0, 0, 0, 0, 0, 0, 0, 0, 0, 7, 0, 0, 7
"c:\xampp\htdocs\formshub_app\public\images\svg\ChevronLeft.svg", "XML", 0, 0, 0, 0, 0, 0, 0, 0, 3, 0, 0, 0, 0, 3
"c:\xampp\htdocs\formshub_app\public\images\svg\ChevronRight.svg", "XML", 0, 0, 0, 0, 0, 0, 0, 0, 3, 0, 0, 0, 0, 3
"c:\xampp\htdocs\formshub_app\public\images\svg\logo_1_transparent.svg", "XML", 0, 0, 0, 0, 0, 0, 0, 0, 1, 0, 0, 0, 0, 1
"c:\xampp\htdocs\formshub_app\public\images\svg\to_do.svg", "XML", 0, 0, 0, 0, 0, 0, 0, 0, 6, 0, 0, 1, 5, 12
"c:\xampp\htdocs\formshub_app\public\index.php", "PHP", 0, 0, 0, 14, 0, 0, 0, 0, 0, 0, 0, 30, 12, 56
"c:\xampp\htdocs\formshub_app\public\js\Chart.min.js", "JavaScript", 0, 1, 0, 0, 0, 0, 0, 0, 0, 0, 0, 6, 1, 8
"c:\xampp\htdocs\formshub_app\public\js\alpine.min.js", "JavaScript", 0, 1, 0, 0, 0, 0, 0, 0, 0, 0, 0, 7, 1, 9
"c:\xampp\htdocs\formshub_app\public\js\bootstrap.min.js", "JavaScript", 0, 1, 0, 0, 0, 0, 0, 0, 0, 0, 0, 6, 1, 8
"c:\xampp\htdocs\formshub_app\public\js\chart.umd.min.js", "JavaScript", 0, 2, 0, 0, 0, 0, 0, 0, 0, 0, 0, 18, 1, 21
"c:\xampp\htdocs\formshub_app\public\js\countries.js", "JavaScript", 0, 4, 0, 0, 0, 0, 0, 0, 0, 0, 0, 0, 1, 5
"c:\xampp\htdocs\formshub_app\public\js\countries.json", "JSON", 0, 0, 1453, 0, 0, 0, 0, 0, 0, 0, 0, 0, 1, 1454
"c:\xampp\htdocs\formshub_app\public\js\cropper.min.js", "JavaScript", 0, 1, 0, 0, 0, 0, 0, 0, 0, 0, 0, 9, 1, 11
"c:\xampp\htdocs\formshub_app\public\js\flowbite.min.js", "JavaScript", 0, 1, 0, 0, 0, 0, 0, 0, 0, 0, 0, 1, 1, 3
"c:\xampp\htdocs\formshub_app\public\js\ijaboCropTool.min.js", "JavaScript", 0, 1, 0, 0, 0, 0, 0, 0, 0, 0, 0, 6, 0, 7
"c:\xampp\htdocs\formshub_app\public\js\index.min.js", "JavaScript", 0, 270, 0, 0, 0, 0, 0, 0, 0, 0, 0, 31, 6, 307
"c:\xampp\htdocs\formshub_app\public\js\jquery-ui.min.js", "JavaScript", 0, 8, 0, 0, 0, 0, 0, 0, 0, 0, 0, 4, 1, 13
"c:\xampp\htdocs\formshub_app\public\js\jquery.min.js", "JavaScript", 0, 3, 0, 0, 0, 0, 0, 0, 0, 0, 0, 2, 1, 6
"c:\xampp\htdocs\formshub_app\public\js\jquery.signature.js", "JavaScript", 0, 261, 0, 0, 0, 0, 0, 0, 0, 0, 0, 131, 30, 422
"c:\xampp\htdocs\formshub_app\public\js\keyboard.js", "JavaScript", 0, 571, 0, 0, 0, 0, 0, 0, 0, 0, 0, 140, 78, 789
"c:\xampp\htdocs\formshub_app\public\js\libphonenumber-max.js", "JavaScript", 0, 1, 0, 0, 0, 0, 0, 0, 0, 0, 0, 1, 1, 3
"c:\xampp\htdocs\formshub_app\public\js\metro.min.js", "JavaScript", 0, 1, 0, 0, 0, 0, 0, 0, 0, 0, 0, 7, 1, 9
"c:\xampp\htdocs\formshub_app\public\js\owl.carousel.min.js", "JavaScript", 0, 2, 0, 0, 0, 0, 0, 0, 0, 0, 0, 0, 1, 3
"c:\xampp\htdocs\formshub_app\public\js\register.js", "JavaScript", 0, 74, 0, 0, 0, 0, 0, 0, 0, 0, 0, 0, 6, 80
"c:\xampp\htdocs\formshub_app\public\js\sort-list.js", "JavaScript", 0, 37, 0, 0, 0, 0, 0, 0, 0, 0, 0, 9, 8, 54
"c:\xampp\htdocs\formshub_app\public\js\sweetalert.min.js", "JavaScript", 0, 2, 0, 0, 0, 0, 0, 0, 0, 0, 0, 4, 1, 7
"c:\xampp\htdocs\formshub_app\public\js\tom-select.complete.min.js", "JavaScript", 0, 416, 0, 0, 0, 0, 0, 0, 0, 0, 0, 5, 1, 422
"c:\xampp\htdocs\formshub_app\public\styles\bootstrap.min.css", "CSS", 1, 0, 0, 0, 0, 0, 0, 0, 0, 0, 0, 6, 1, 8
"c:\xampp\htdocs\formshub_app\public\styles\datepicker.css", "CSS", 20, 0, 0, 0, 0, 0, 0, 0, 0, 0, 0, 0, 1, 21
"c:\xampp\htdocs\formshub_app\public\styles\flowbite.min.css", "CSS", 1, 0, 0, 0, 0, 0, 0, 0, 0, 0, 0, 0, 1, 2
"c:\xampp\htdocs\formshub_app\public\styles\ijaboCropTool.min.css", "CSS", 1, 0, 0, 0, 0, 0, 0, 0, 0, 0, 0, 6, 0, 7
"c:\xampp\htdocs\formshub_app\public\styles\index.min.css", "CSS", 1, 0, 0, 0, 0, 0, 0, 0, 0, 0, 0, 11, 1, 13
"c:\xampp\htdocs\formshub_app\public\styles\jquery-ui.css", "CSS", 1222, 0, 0, 0, 0, 0, 0, 0, 0, 0, 0, 48, 41, 1311
"c:\xampp\htdocs\formshub_app\public\styles\jquery.signature.css", "CSS", 8, 0, 0, 0, 0, 0, 0, 0, 0, 0, 0, 1, 0, 9
"c:\xampp\htdocs\formshub_app\public\styles\keyboard.css", "CSS", 57, 0, 0, 0, 0, 0, 0, 0, 0, 0, 0, 12, 14, 83
"c:\xampp\htdocs\formshub_app\public\styles\loading.css", "CSS", 185, 0, 0, 0, 0, 0, 0, 0, 0, 0, 0, 8, 1, 194
"c:\xampp\htdocs\formshub_app\public\styles\login-style.css", "CSS", 0, 0, 0, 0, 0, 0, 0, 0, 0, 0, 0, 0, 1, 1
"c:\xampp\htdocs\formshub_app\public\styles\main-style.css", "CSS", 3, 0, 0, 0, 0, 0, 0, 0, 0, 0, 0, 0, 2, 5
"c:\xampp\htdocs\formshub_app\public\styles\owl.carousel.min.css", "CSS", 36, 0, 0, 0, 0, 0, 0, 0, 0, 0, 0, 0, 1, 37
"c:\xampp\htdocs\formshub_app\public\styles\owl.theme.default.min.css", "CSS", 13, 0, 0, 0, 0, 0, 0, 0, 0, 0, 0, 0, 1, 14
"c:\xampp\htdocs\formshub_app\public\styles\print.css", "CSS", 5, 0, 0, 0, 0, 0, 0, 0, 0, 0, 0, 1, 1, 7
"c:\xampp\htdocs\formshub_app\public\styles\score.css", "CSS", 63, 0, 0, 0, 0, 0, 0, 0, 0, 0, 0, 21, 14, 98
"c:\xampp\htdocs\formshub_app\public\styles\sort-list.css", "CSS", 19, 0, 0, 0, 0, 0, 0, 0, 0, 0, 0, 2, 2, 23
"c:\xampp\htdocs\formshub_app\public\styles\sortable.min.css", "CSS", 19, 0, 0, 0, 0, 0, 0, 0, 0, 0, 0, 0, 1, 20
"c:\xampp\htdocs\formshub_app\public\vendor\livewire\livewire.js", "JavaScript", 0, 3, 0, 0, 0, 0, 0, 0, 0, 0, 0, 11, 1, 15
"c:\xampp\htdocs\formshub_app\public\vendor\livewire\manifest.json", "JSON", 0, 0, 1, 0, 0, 0, 0, 0, 0, 0, 0, 0, 0, 1
"c:\xampp\htdocs\formshub_app\resources\css\app.css", "CSS", 3, 0, 0, 0, 0, 0, 0, 0, 0, 0, 0, 0, 2, 5
"c:\xampp\htdocs\formshub_app\resources\css\register-style.css", "CSS", 3, 0, 0, 0, 0, 0, 0, 0, 0, 0, 0, 0, 1, 4
"c:\xampp\htdocs\formshub_app\resources\js\app.js", "JavaScript", 0, 6, 0, 0, 0, 0, 0, 0, 0, 0, 0, 0, 4, 10
"c:\xampp\htdocs\formshub_app\resources\js\bootstrap.js", "JavaScript", 0, 18, 0, 0, 0, 0, 0, 0, 0, 0, 0, 10, 8, 36
"c:\xampp\htdocs\formshub_app\resources\markdown\policy.md", "Markdown", 0, 0, 0, 0, 2, 0, 0, 0, 0, 0, 0, 0, 2, 4
"c:\xampp\htdocs\formshub_app\resources\markdown\terms.md", "Markdown", 0, 0, 0, 0, 2, 0, 0, 0, 0, 0, 0, 0, 2, 4
"c:\xampp\htdocs\formshub_app\resources\views\accounts\account-member-manager.blade.php", "PHP", 0, 0, 0, 258, 0, 0, 0, 0, 0, 0, 0, 2, 51, 311
"c:\xampp\htdocs\formshub_app\resources\views\accounts\billings.blade.php", "PHP", 0, 0, 0, 9, 0, 0, 0, 0, 0, 0, 0, 0, 7, 16
"c:\xampp\htdocs\formshub_app\resources\views\accounts\create-account-form.blade.php", "PHP", 0, 0, 0, 30, 0, 0, 0, 0, 0, 0, 0, 0, 7, 37
"c:\xampp\htdocs\formshub_app\resources\views\accounts\create.blade.php", "PHP", 0, 0, 0, 12, 0, 0, 0, 0, 0, 0, 0, 0, 2, 14
"c:\xampp\htdocs\formshub_app\resources\views\accounts\delete-account-form.blade.php", "PHP", 0, 0, 0, 35, 0, 0, 0, 0, 0, 0, 0, 0, 8, 43
"c:\xampp\htdocs\formshub_app\resources\views\accounts\show.blade.php", "PHP", 0, 0, 0, 30, 0, 0, 0, 0, 0, 0, 0, 0, 18, 48
"c:\xampp\htdocs\formshub_app\resources\views\accounts\subscriptions.blade.php", "PHP", 0, 0, 0, 9, 0, 0, 0, 0, 0, 0, 0, 0, 7, 16
"c:\xampp\htdocs\formshub_app\resources\views\accounts\update-account-name-form.blade.php", "PHP", 0, 0, 0, 121, 0, 0, 0, 0, 0, 0, 0, 0, 29, 150
"c:\xampp\htdocs\formshub_app\resources\views\add_sign_pdf.blade.php", "PHP", 0, 0, 0, 9, 0, 0, 0, 0, 0, 0, 0, 0, 7, 16
"c:\xampp\htdocs\formshub_app\resources\views\admin\accounts.blade.php", "PHP", 0, 0, 0, 215, 0, 0, 0, 0, 0, 0, 0, 1, 50, 266
"c:\xampp\htdocs\formshub_app\resources\views\admin\canceled_plans.blade.php", "PHP", 0, 0, 0, 210, 0, 0, 0, 0, 0, 0, 0, 1, 57, 268
"c:\xampp\htdocs\formshub_app\resources\views\admin\dashboard.blade.php", "PHP", 0, 0, 0, 347, 0, 0, 0, 0, 0, 0, 0, 6, 64, 417
"c:\xampp\htdocs\formshub_app\resources\views\admin\deleted_accounts.blade.php", "PHP", 0, 0, 0, 188, 0, 0, 0, 0, 0, 0, 0, 1, 51, 240
"c:\xampp\htdocs\formshub_app\resources\views\admin\includes\head.blade.php", "PHP", 0, 0, 0, 25, 0, 0, 0, 0, 0, 0, 0, 0, 4, 29
"c:\xampp\htdocs\formshub_app\resources\views\admin\invoices.blade.php", "PHP", 0, 0, 0, 217, 0, 0, 0, 0, 0, 0, 0, 2, 48, 267
"c:\xampp\htdocs\formshub_app\resources\views\admin\kiosks.blade.php", "PHP", 0, 0, 0, 309, 0, 0, 0, 0, 0, 0, 0, 2, 73, 384
"c:\xampp\htdocs\formshub_app\resources\views\admin\layouts\navigation.blade.php", "PHP", 0, 0, 0, 206, 0, 0, 0, 0, 0, 0, 0, 1, 40, 247
"c:\xampp\htdocs\formshub_app\resources\views\admin\settings.blade.php", "PHP", 0, 0, 0, 642, 0, 0, 0, 0, 0, 0, 0, 2, 70, 714
"c:\xampp\htdocs\formshub_app\resources\views\admin\subscriptions.blade.php", "PHP", 0, 0, 0, 188, 0, 0, 0, 0, 0, 0, 0, 2, 53, 243
"c:\xampp\htdocs\formshub_app\resources\views\admin\support_tickets.blade.php", "PHP", 0, 0, 0, 276, 0, 0, 0, 0, 0, 0, 0, 6, 61, 343
"c:\xampp\htdocs\formshub_app\resources\views\admin\surveys.blade.php", "PHP", 0, 0, 0, 155, 0, 0, 0, 0, 0, 0, 0, 1, 52, 208
"c:\xampp\htdocs\formshub_app\resources\views\admin\users.blade.php", "PHP", 0, 0, 0, 208, 0, 0, 0, 0, 0, 0, 0, 1, 51, 260
"c:\xampp\htdocs\formshub_app\resources\views\api\api-token-manager.blade.php", "PHP", 0, 0, 0, 144, 0, 0, 0, 0, 0, 0, 0, 0, 26, 170
"c:\xampp\htdocs\formshub_app\resources\views\api\index.blade.php", "PHP", 0, 0, 0, 12, 0, 0, 0, 0, 0, 0, 0, 0, 2, 14
"c:\xampp\htdocs\formshub_app\resources\views\api\termsandconditions.blade.php", "PHP", 0, 0, 0, 7, 0, 0, 0, 0, 0, 0, 0, 0, 2, 9
"c:\xampp\htdocs\formshub_app\resources\views\auth\confirm-password.blade.php", "PHP", 0, 0, 0, 23, 0, 0, 0, 0, 0, 0, 0, 0, 6, 29
"c:\xampp\htdocs\formshub_app\resources\views\auth\forgot-password.blade.php", "PHP", 0, 0, 0, 34, 0, 0, 0, 0, 0, 0, 0, 0, 9, 43
"c:\xampp\htdocs\formshub_app\resources\views\auth\invalidsignature.blade.php", "PHP", 0, 0, 0, 20, 0, 0, 0, 0, 0, 0, 0, 0, 18, 38
"c:\xampp\htdocs\formshub_app\resources\views\auth\login.blade.php", "PHP", 0, 0, 0, 63, 0, 0, 0, 0, 0, 0, 0, 10, 21, 94
"c:\xampp\htdocs\formshub_app\resources\views\auth\register.blade.php", "PHP", 0, 0, 0, 94, 0, 0, 0, 0, 0, 0, 0, 0, 24, 118
"c:\xampp\htdocs\formshub_app\resources\views\auth\registerdone.blade.php", "PHP", 0, 0, 0, 130, 0, 0, 0, 0, 0, 0, 0, 9, 23, 162
"c:\xampp\htdocs\formshub_app\resources\views\auth\reset-password.blade.php", "PHP", 0, 0, 0, 161, 0, 0, 0, 0, 0, 0, 0, 0, 42, 203
"c:\xampp\htdocs\formshub_app\resources\views\auth\two-factor-challenge.blade.php", "PHP", 0, 0, 0, 47, 0, 0, 0, 0, 0, 0, 0, 0, 10, 57
"c:\xampp\htdocs\formshub_app\resources\views\auth\verify-email.blade.php", "PHP", 0, 0, 0, 74, 0, 0, 0, 0, 0, 0, 0, 6, 27, 107
"c:\xampp\htdocs\formshub_app\resources\views\components\action.blade.php", "PHP", 0, 0, 0, 47, 0, 0, 0, 0, 0, 0, 0, 0, 4, 51
"c:\xampp\htdocs\formshub_app\resources\views\components\add-answer-button.blade.php", "PHP", 0, 0, 0, 14, 0, 0, 0, 0, 0, 0, 0, 0, 3, 17
"c:\xampp\htdocs\formshub_app\resources\views\components\answer-actions.blade.php", "PHP", 0, 0, 0, 60, 0, 0, 0, 0, 0, 0, 0, 0, 12, 72
"c:\xampp\htdocs\formshub_app\resources\views\components\answer-delete.blade.php", "PHP", 0, 0, 0, 9, 0, 0, 0, 0, 0, 0, 0, 0, 1, 10
"c:\xampp\htdocs\formshub_app\resources\views\components\application-logo.blade.php", "PHP", 0, 0, 0, 3, 0, 0, 0, 0, 0, 0, 0, 0, 1, 4
"c:\xampp\htdocs\formshub_app\resources\views\components\auth-session-status.blade.php", "PHP", 0, 0, 0, 6, 0, 0, 0, 0, 0, 0, 0, 0, 2, 8
"c:\xampp\htdocs\formshub_app\resources\views\components\danger-button.blade.php", "PHP", 0, 0, 0, 3, 0, 0, 0, 0, 0, 0, 0, 0, 1, 4
"c:\xampp\htdocs\formshub_app\resources\views\components\dropdown-link.blade.php", "PHP", 0, 0, 0, 2, 0, 0, 0, 0, 0, 0, 0, 0, 1, 3
"c:\xampp\htdocs\formshub_app\resources\views\components\dropdown.blade.php", "PHP", 0, 0, 0, 39, 0, 0, 0, 0, 0, 0, 0, 0, 5, 44
"c:\xampp\htdocs\formshub_app\resources\views\components\form-info-tag.blade.php", "PHP", 0, 0, 0, 15, 0, 0, 0, 0, 0, 0, 0, 0, 2, 17
"c:\xampp\htdocs\formshub_app\resources\views\components\form.blade.php", "PHP", 0, 0, 0, 245, 0, 0, 0, 0, 0, 0, 0, 0, 53, 298
"c:\xampp\htdocs\formshub_app\resources\views\components\hide-answer.blade.php", "PHP", 0, 0, 0, 20, 0, 0, 0, 0, 0, 0, 0, 0, 3, 23
"c:\xampp\htdocs\formshub_app\resources\views\components\input-error.blade.php", "PHP", 0, 0, 0, 8, 0, 0, 0, 0, 0, 0, 0, 0, 2, 10
"c:\xampp\htdocs\formshub_app\resources\views\components\input-label.blade.php", "PHP", 0, 0, 0, 4, 0, 0, 0, 0, 0, 0, 0, 0, 2, 6
"c:\xampp\htdocs\formshub_app\resources\views\components\loading.blade.php", "PHP", 0, 0, 0, 10, 0, 0, 0, 0, 0, 0, 0, 0, 1, 11
"c:\xampp\htdocs\formshub_app\resources\views\components\modal.blade.php", "PHP", 0, 0, 0, 72, 0, 0, 0, 0, 0, 0, 0, 2, 4, 78
"c:\xampp\htdocs\formshub_app\resources\views\components\nav-link.blade.php", "PHP", 0, 0, 0, 9, 0, 0, 0, 0, 0, 0, 0, 0, 3, 12
"c:\xampp\htdocs\formshub_app\resources\views\components\primary-button.blade.php", "PHP", 0, 0, 0, 6, 0, 0, 0, 0, 0, 0, 0, 0, 1, 7
"c:\xampp\htdocs\formshub_app\resources\views\components\progress-bar.blade.php", "PHP", 0, 0, 0, 10, 0, 0, 0, 0, 0, 0, 0, 0, 5, 15
"c:\xampp\htdocs\formshub_app\resources\views\components\question-text.blade.php", "PHP", 0, 0, 0, 27, 0, 0, 0, 0, 0, 0, 0, 2, 9, 38
"c:\xampp\htdocs\formshub_app\resources\views\components\responsive-nav-link.blade.php", "PHP", 0, 0, 0, 9, 0, 0, 0, 0, 0, 0, 0, 0, 3, 12
"c:\xampp\htdocs\formshub_app\resources\views\components\score-item.blade.php", "PHP", 0, 0, 0, 8, 0, 0, 0, 0, 0, 0, 0, 0, 4, 12
"c:\xampp\htdocs\formshub_app\resources\views\components\secondary-button.blade.php", "PHP", 0, 0, 0, 3, 0, 0, 0, 0, 0, 0, 0, 0, 1, 4
"c:\xampp\htdocs\formshub_app\resources\views\components\share-form-box.blade.php", "PHP", 0, 0, 0, 57, 0, 0, 0, 0, 0, 0, 0, 5, 7, 69
"c:\xampp\htdocs\formshub_app\resources\views\components\tabs-statistics.blade.php", "PHP", 0, 0, 0, 14, 0, 0, 0, 0, 0, 0, 0, 0, 3, 17
"c:\xampp\htdocs\formshub_app\resources\views\components\text-input.blade.php", "PHP", 0, 0, 0, 4, 0, 0, 0, 0, 0, 0, 0, 0, 2, 6
"c:\xampp\htdocs\formshub_app\resources\views\dashboard.blade.php", "PHP", 0, 0, 0, 8, 0, 0, 0, 0, 0, 0, 0, 0, 3, 11
"c:\xampp\htdocs\formshub_app\resources\views\edit_form.blade.php", "PHP", 0, 0, 0, 14, 0, 0, 0, 0, 0, 0, 0, 0, 5, 19
"c:\xampp\htdocs\formshub_app\resources\views\form-template.blade.php", "PHP", 0, 0, 0, 42, 0, 0, 0, 0, 0, 0, 0, 0, 16, 58
"c:\xampp\htdocs\formshub_app\resources\views\form_template_preview.blade.php", "PHP", 0, 0, 0, 42, 0, 0, 0, 0, 0, 0, 0, 0, 16, 58
"c:\xampp\htdocs\formshub_app\resources\views\forms.blade.php", "PHP", 0, 0, 0, 9, 0, 0, 0, 0, 0, 0, 0, 0, 7, 16
"c:\xampp\htdocs\formshub_app\resources\views\kiosks.blade.php", "PHP", 0, 0, 0, 9, 0, 0, 0, 0, 0, 0, 0, 0, 8, 17
"c:\xampp\htdocs\formshub_app\resources\views\layouts\app.blade.php", "PHP", 0, 0, 0, 161, 0, 0, 0, 0, 0, 0, 0, 2, 36, 199
"c:\xampp\htdocs\formshub_app\resources\views\layouts\guest.blade.php", "PHP", 0, 0, 0, 39, 0, 0, 0, 0, 0, 0, 0, 0, 13, 52
"c:\xampp\htdocs\formshub_app\resources\views\layouts\navigation.blade.php", "PHP", 0, 0, 0, 278, 0, 0, 0, 0, 0, 0, 0, 1, 60, 339
"c:\xampp\htdocs\formshub_app\resources\views\livewire\add-device.blade.php", "PHP", 0, 0, 0, 163, 0, 0, 0, 0, 0, 0, 0, 0, 25, 188
"c:\xampp\htdocs\formshub_app\resources\views\livewire\add-question.blade.php", "PHP", 0, 0, 0, 333, 0, 0, 0, 0, 0, 0, 0, 367, 51, 751
"c:\xampp\htdocs\formshub_app\resources\views\livewire\add-ticket.blade.php", "PHP", 0, 0, 0, 76, 0, 0, 0, 0, 0, 0, 0, 0, 16, 92
"c:\xampp\htdocs\formshub_app\resources\views\livewire\add-todo.blade.php", "PHP", 0, 0, 0, 179, 0, 0, 0, 0, 0, 0, 0, 0, 14, 193
"c:\xampp\htdocs\formshub_app\resources\views\livewire\addforms.blade.php", "PHP", 0, 0, 0, 325, 0, 0, 0, 0, 0, 0, 0, 12, 72, 409
"c:\xampp\htdocs\formshub_app\resources\views\livewire\all-responses.blade.php", "PHP", 0, 0, 0, 520, 0, 0, 0, 0, 0, 0, 0, 35, 111, 666
"c:\xampp\htdocs\formshub_app\resources\views\livewire\allforms.blade.php", "PHP", 0, 0, 0, 220, 0, 0, 0, 0, 0, 0, 0, 8, 50, 278
"c:\xampp\htdocs\formshub_app\resources\views\livewire\billings.blade.php", "PHP", 0, 0, 0, 128, 0, 0, 0, 0, 0, 0, 0, 0, 19, 147
"c:\xampp\htdocs\formshub_app\resources\views\livewire\dashboard.blade.php", "PHP", 0, 0, 0, 581, 0, 0, 0, 0, 0, 0, 0, 18, 106, 705
"c:\xampp\htdocs\formshub_app\resources\views\livewire\edit-form.blade.php", "PHP", 0, 0, 0, 939, 0, 0, 0, 0, 0, 0, 0, 38, 169, 1146
"c:\xampp\htdocs\formshub_app\resources\views\livewire\edit-messages.blade.php", "PHP", 0, 0, 0, 105, 0, 0, 0, 0, 0, 0, 0, 2, 24, 131
"c:\xampp\htdocs\formshub_app\resources\views\livewire\edit-question.blade.php", "PHP", 0, 0, 0, 208, 0, 0, 0, 0, 0, 0, 0, 434, 31, 673
"c:\xampp\htdocs\formshub_app\resources\views\livewire\forms\edit\edit-form-questions.blade.php", "PHP", 0, 0, 0, 912, 0, 0, 0, 0, 0, 0, 0, 38, 169, 1119
"c:\xampp\htdocs\formshub_app\resources\views\livewire\forms\previews\previewtemplate-form-questions.blade.php", "PHP", 0, 0, 0, 1455, 0, 0, 0, 0, 0, 0, 0, 206, 339, 2000
"c:\xampp\htdocs\formshub_app\resources\views\livewire\forms\templates\template-form-questions.blade.php", "PHP", 0, 0, 0, 1455, 0, 0, 0, 0, 0, 0, 0, 206, 339, 2000
"c:\xampp\htdocs\formshub_app\resources\views\livewire\formterms.blade.php", "PHP", 0, 0, 0, 61, 0, 0, 0, 0, 0, 0, 0, 2, 21, 84
"c:\xampp\htdocs\formshub_app\resources\views\livewire\kiosks.blade.php", "PHP", 0, 0, 0, 257, 0, 0, 0, 0, 0, 0, 0, 224, 47, 528
"c:\xampp\htdocs\formshub_app\resources\views\livewire\loginform.blade.php", "PHP", 0, 0, 0, 144, 0, 0, 0, 0, 0, 0, 0, 0, 28, 172
"c:\xampp\htdocs\formshub_app\resources\views\livewire\multistepsform.blade.php", "PHP", 0, 0, 0, 336, 0, 0, 0, 0, 0, 0, 0, 2, 63, 401
"c:\xampp\htdocs\formshub_app\resources\views\livewire\overview.blade.php", "PHP", 0, 0, 0, 282, 0, 0, 0, 0, 0, 0, 0, 21, 66, 369
"c:\xampp\htdocs\formshub_app\resources\views\livewire\preview-form.blade.php", "PHP", 0, 0, 0, 22, 0, 0, 0, 0, 0, 0, 0, 0, 4, 26
"c:\xampp\htdocs\formshub_app\resources\views\livewire\questions-statistics.blade.php", "PHP", 0, 0, 0, 1275, 0, 0, 0, 0, 0, 0, 0, 93, 269, 1637
"c:\xampp\htdocs\formshub_app\resources\views\livewire\show-response.blade.php", "PHP", 0, 0, 0, 244, 0, 0, 0, 0, 0, 0, 0, 5, 45, 294
"c:\xampp\htdocs\formshub_app\resources\views\livewire\signpdf\add-sign-pdf.blade.php", "PHP", 0, 0, 0, 525, 0, 0, 0, 0, 0, 0, 0, 113, 166, 804
"c:\xampp\htdocs\formshub_app\resources\views\livewire\signpdf\sign-pdf-index.blade.php", "PHP", 0, 0, 0, 177, 0, 0, 0, 0, 0, 0, 0, 8, 44, 229
"c:\xampp\htdocs\formshub_app\resources\views\livewire\signpdf\sign-pdf-template.blade.php", "PHP", 0, 0, 0, 442, 0, 0, 0, 0, 0, 0, 0, 51, 106, 599
"c:\xampp\htdocs\formshub_app\resources\views\livewire\stand-by.blade.php", "PHP", 0, 0, 0, 2, 0, 0, 0, 0, 0, 0, 0, 0, 2, 4
"c:\xampp\htdocs\formshub_app\resources\views\livewire\statistics-form.blade.php", "PHP", 0, 0, 0, 58, 0, 0, 0, 0, 0, 0, 0, 0, 22, 80
"c:\xampp\htdocs\formshub_app\resources\views\livewire\subscribe.blade.php", "PHP", 0, 0, 0, 512, 0, 0, 0, 0, 0, 0, 0, 14, 136, 662
"c:\xampp\htdocs\formshub_app\resources\views\livewire\subscriptions.blade.php", "PHP", 0, 0, 0, 418, 0, 0, 0, 0, 0, 0, 0, 1, 98, 517
"c:\xampp\htdocs\formshub_app\resources\views\livewire\support.blade.php", "PHP", 0, 0, 0, 262, 0, 0, 0, 0, 0, 0, 0, 4, 18, 284
"c:\xampp\htdocs\formshub_app\resources\views\livewire\to-do-list.blade.php", "PHP", 0, 0, 0, 411, 0, 0, 0, 0, 0, 0, 0, 20, 74, 505
"c:\xampp\htdocs\formshub_app\resources\views\livewire\view-form.blade.php", "PHP", 0, 0, 0, 21, 0, 0, 0, 0, 0, 0, 0, 0, 6, 27
"c:\xampp\htdocs\formshub_app\resources\views\loader.blade.php", "PHP", 0, 0, 0, 37, 0, 0, 0, 0, 0, 0, 0, 0, 16, 53
"c:\xampp\htdocs\formshub_app\resources\views\navigation-menu.blade.php", "PHP", 0, 0, 0, 183, 0, 0, 0, 0, 0, 0, 0, 0, 33, 216
"c:\xampp\htdocs\formshub_app\resources\views\pdf\invoice.blade.php", "PHP", 0, 0, 0, 183, 0, 0, 0, 0, 0, 0, 0, 0, 47, 230
"c:\xampp\htdocs\formshub_app\resources\views\pdf\response.blade.php", "PHP", 0, 0, 0, 159, 0, 0, 0, 0, 0, 0, 0, 4, 32, 195
"c:\xampp\htdocs\formshub_app\resources\views\policy.blade.php", "PHP", 0, 0, 0, 12, 0, 0, 0, 0, 0, 0, 0, 0, 2, 14
"c:\xampp\htdocs\formshub_app\resources\views\preview.blade.php", "PHP", 0, 0, 0, 38, 0, 0, 0, 0, 0, 0, 0, 0, 16, 54
"c:\xampp\htdocs\formshub_app\resources\views\profile\delete-user-form.blade.php", "PHP", 0, 0, 0, 43, 0, 0, 0, 0, 0, 0, 0, 0, 10, 53
"c:\xampp\htdocs\formshub_app\resources\views\profile\edit.blade.php", "PHP", 0, 0, 0, 34, 0, 0, 0, 0, 0, 0, 0, 0, 9, 43
"c:\xampp\htdocs\formshub_app\resources\views\profile\logout-other-browser-sessions-form.blade.php", "PHP", 0, 0, 0, 83, 0, 0, 0, 0, 0, 0, 0, 0, 15, 98
"c:\xampp\htdocs\formshub_app\resources\views\profile\partials\delete-user-form.blade.php", "PHP", 0, 0, 0, 123, 0, 0, 0, 0, 0, 0, 0, 1, 26, 150
"c:\xampp\htdocs\formshub_app\resources\views\profile\partials\update-password-form.blade.php", "PHP", 0, 0, 0, 185, 0, 0, 0, 0, 0, 0, 0, 2, 28, 215
"c:\xampp\htdocs\formshub_app\resources\views\profile\partials\update-profile-information-form.blade.php", "PHP", 0, 0, 0, 144, 0, 0, 0, 0, 0, 0, 0, 0, 13, 157
"c:\xampp\htdocs\formshub_app\resources\views\profile\show.blade.php", "PHP", 0, 0, 0, 39, 0, 0, 0, 0, 0, 0, 0, 0, 9, 48
"c:\xampp\htdocs\formshub_app\resources\views\profile\two-factor-authentication-form.blade.php", "PHP", 0, 0, 0, 115, 0, 0, 0, 0, 0, 0, 0, 0, 22, 137
"c:\xampp\htdocs\formshub_app\resources\views\profile\update-password-form.blade.php", "PHP", 0, 0, 0, 142, 0, 0, 0, 0, 0, 0, 0, 0, 22, 164
"c:\xampp\htdocs\formshub_app\resources\views\profile\update-profile-information-form.blade.php", "PHP", 0, 0, 0, 80, 0, 0, 0, 0, 0, 0, 0, 0, 17, 97
"c:\xampp\htdocs\formshub_app\resources\views\sign_pdf_index.blade.php", "PHP", 0, 0, 0, 8, 0, 0, 0, 0, 0, 0, 0, 0, 1, 9
"c:\xampp\htdocs\formshub_app\resources\views\sign_pdf_template.blade.php", "PHP", 0, 0, 0, 36, 0, 0, 0, 0, 0, 0, 0, 0, 16, 52
"c:\xampp\htdocs\formshub_app\resources\views\stand_by.blade.php", "PHP", 0, 0, 0, 42, 0, 0, 0, 0, 0, 0, 0, 0, 16, 58
"c:\xampp\htdocs\formshub_app\resources\views\statistics.blade.php", "PHP", 0, 0, 0, 8, 0, 0, 0, 0, 0, 0, 0, 0, 1, 9
"c:\xampp\htdocs\formshub_app\resources\views\statistics_all_responses.blade.php", "PHP", 0, 0, 0, 0, 0, 0, 0, 0, 0, 0, 0, 0, 1, 1
"c:\xampp\htdocs\formshub_app\resources\views\statistics_questions.blade.php", "PHP", 0, 0, 0, 0, 0, 0, 0, 0, 0, 0, 0, 0, 1, 1
"c:\xampp\htdocs\formshub_app\resources\views\subscribe.blade.php", "PHP", 0, 0, 0, 8, 0, 0, 0, 0, 0, 0, 0, 0, 1, 9
"c:\xampp\htdocs\formshub_app\resources\views\support.blade.php", "PHP", 0, 0, 0, 8, 0, 0, 0, 0, 0, 0, 0, 0, 1, 9
"c:\xampp\htdocs\formshub_app\resources\views\temp.blade.php", "PHP", 0, 0, 0, 9, 0, 0, 0, 0, 0, 0, 0, 0, 3, 12
"c:\xampp\htdocs\formshub_app\resources\views\terms.blade.php", "PHP", 0, 0, 0, 12, 0, 0, 0, 0, 0, 0, 0, 0, 2, 14
"c:\xampp\htdocs\formshub_app\resources\views\terms_conditions.blade.php", "PHP", 0, 0, 0, 0, 0, 0, 0, 0, 0, 0, 0, 0, 1, 1
"c:\xampp\htdocs\formshub_app\resources\views\todolist.blade.php", "PHP", 0, 0, 0, 9, 0, 0, 0, 0, 0, 0, 0, 0, 1, 10
"c:\xampp\htdocs\formshub_app\resources\views\unsubscribe.blade.php", "PHP", 0, 0, 0, 70, 0, 0, 0, 0, 0, 0, 0, 0, 22, 92
"c:\xampp\htdocs\formshub_app\resources\views\vendor\jetstream\components\action-message.blade.php", "PHP", 0, 0, 0, 9, 0, 0, 0, 0, 0, 0, 0, 0, 2, 11
"c:\xampp\htdocs\formshub_app\resources\views\vendor\jetstream\components\action-section.blade.php", "PHP", 0, 0, 0, 11, 0, 0, 0, 0, 0, 0, 0, 0, 3, 14
"c:\xampp\htdocs\formshub_app\resources\views\vendor\jetstream\components\application-logo.blade.php", "PHP", 0, 0, 0, 1, 0, 0, 0, 0, 0, 0, 0, 0, 2, 3
"c:\xampp\htdocs\formshub_app\resources\views\vendor\jetstream\components\application-mark.blade.php", "PHP", 0, 0, 0, 5, 0, 0, 0, 0, 0, 0, 0, 0, 1, 6
"c:\xampp\htdocs\formshub_app\resources\views\vendor\jetstream\components\authentication-card-logo.blade.php", "PHP", 0, 0, 0, 3, 0, 0, 0, 0, 0, 0, 0, 0, 1, 4
"c:\xampp\htdocs\formshub_app\resources\views\vendor\jetstream\components\authentication-card.blade.php", "PHP", 0, 0, 0, 8, 0, 0, 0, 0, 0, 0, 0, 0, 4, 12
"c:\xampp\htdocs\formshub_app\resources\views\vendor\jetstream\components\banner.blade.php", "PHP", 0, 0, 0, 43, 0, 0, 0, 0, 0, 0, 0, 0, 4, 47
"c:\xampp\htdocs\formshub_app\resources\views\vendor\jetstream\components\button.blade.php", "PHP", 0, 0, 0, 5, 0, 0, 0, 0, 0, 0, 0, 0, 1, 6
"c:\xampp\htdocs\formshub_app\resources\views\vendor\jetstream\components\checkbox.blade.php", "PHP", 0, 0, 0, 1, 0, 0, 0, 0, 0, 0, 0, 0, 1, 2
"c:\xampp\htdocs\formshub_app\resources\views\vendor\jetstream\components\confirmation-modal.blade.php", "PHP", 0, 0, 0, 23, 0, 0, 0, 0, 0, 0, 0, 0, 5, 28
"c:\xampp\htdocs\formshub_app\resources\views\vendor\jetstream\components\confirms-password.blade.php", "PHP", 0, 0, 0, 38, 0, 0, 0, 0, 0, 0, 0, 0, 9, 47
"c:\xampp\htdocs\formshub_app\resources\views\vendor\jetstream\components\danger-button.blade.php", "PHP", 0, 0, 0, 5, 0, 0, 0, 0, 0, 0, 0, 0, 1, 6
"c:\xampp\htdocs\formshub_app\resources\views\vendor\jetstream\components\dialog-modal.blade.php", "PHP", 0, 0, 0, 14, 0, 0, 0, 0, 0, 0, 0, 0, 4, 18
"c:\xampp\htdocs\formshub_app\resources\views\vendor\jetstream\components\dropdown-link.blade.php", "PHP", 0, 0, 0, 1, 0, 0, 0, 0, 0, 0, 0, 0, 1, 2
"c:\xampp\htdocs\formshub_app\resources\views\vendor\jetstream\components\dropdown-options.blade.php", "PHP", 0, 0, 0, 43, 0, 0, 0, 0, 0, 0, 0, 0, 5, 48
"c:\xampp\htdocs\formshub_app\resources\views\vendor\jetstream\components\dropdown.blade.php", "PHP", 0, 0, 0, 43, 0, 0, 0, 0, 0, 0, 0, 0, 5, 48
"c:\xampp\htdocs\formshub_app\resources\views\vendor\jetstream\components\form-section.blade.php", "PHP", 0, 0, 0, 21, 0, 0, 0, 0, 0, 0, 0, 0, 4, 25
"c:\xampp\htdocs\formshub_app\resources\views\vendor\jetstream\components\input-error.blade.php", "PHP", 0, 0, 0, 4, 0, 0, 0, 0, 0, 0, 0, 0, 2, 6
"c:\xampp\htdocs\formshub_app\resources\views\vendor\jetstream\components\input.blade.php", "PHP", 0, 0, 0, 4, 0, 0, 0, 0, 0, 0, 0, 0, 2, 6
"c:\xampp\htdocs\formshub_app\resources\views\vendor\jetstream\components\label.blade.php", "PHP", 0, 0, 0, 4, 0, 0, 0, 0, 0, 0, 0, 0, 2, 6
"c:\xampp\htdocs\formshub_app\resources\views\vendor\jetstream\components\modal.blade.php", "PHP", 0, 0, 0, 39, 0, 0, 0, 0, 0, 0, 0, 0, 5, 44
"c:\xampp\htdocs\formshub_app\resources\views\vendor\jetstream\components\nav-link.blade.php", "PHP", 0, 0, 0, 9, 0, 0, 0, 0, 0, 0, 0, 0, 3, 12
"c:\xampp\htdocs\formshub_app\resources\views\vendor\jetstream\components\responsive-nav-link.blade.php", "PHP", 0, 0, 0, 9, 0, 0, 0, 0, 0, 0, 0, 0, 3, 12
"c:\xampp\htdocs\formshub_app\resources\views\vendor\jetstream\components\secondary-button.blade.php", "PHP", 0, 0, 0, 5, 0, 0, 0, 0, 0, 0, 0, 0, 1, 6
"c:\xampp\htdocs\formshub_app\resources\views\vendor\jetstream\components\section-border.blade.php", "PHP", 0, 0, 0, 5, 0, 0, 0, 0, 0, 0, 0, 0, 1, 6
"c:\xampp\htdocs\formshub_app\resources\views\vendor\jetstream\components\section-title.blade.php", "PHP", 0, 0, 0, 11, 0, 0, 0, 0, 0, 0, 0, 0, 3, 14
"c:\xampp\htdocs\formshub_app\resources\views\vendor\jetstream\components\switchable-account.blade.php", "PHP", 0, 0, 0, 37, 0, 0, 0, 0, 0, 0, 0, 0, 9, 46
"c:\xampp\htdocs\formshub_app\resources\views\vendor\jetstream\components\validation-errors.blade.php", "PHP", 0, 0, 0, 10, 0, 0, 0, 0, 0, 0, 0, 0, 2, 12
"c:\xampp\htdocs\formshub_app\resources\views\vendor\jetstream\components\welcome.blade.php", "PHP", 0, 0, 0, 80, 0, 0, 0, 0, 0, 0, 0, 0, 15, 95
"c:\xampp\htdocs\formshub_app\resources\views\vendor\jetstream\mail\account-invitation.blade.php", "PHP", 0, 0, 0, 15, 0, 0, 0, 0, 0, 0, 0, 0, 15, 30
"c:\xampp\htdocs\formshub_app\resources\views\vendor\livewire\bootstrap.blade.php", "PHP", 0, 0, 0, 46, 0, 0, 0, 0, 0, 0, 0, 0, 5, 51
"c:\xampp\htdocs\formshub_app\resources\views\vendor\livewire\simple-bootstrap.blade.php", "PHP", 0, 0, 0, 40, 0, 0, 0, 0, 0, 0, 0, 0, 2, 42
"c:\xampp\htdocs\formshub_app\resources\views\vendor\livewire\simple-tailwind.blade.php", "PHP", 0, 0, 0, 42, 0, 0, 0, 0, 0, 0, 0, 0, 2, 44
"c:\xampp\htdocs\formshub_app\resources\views\vendor\livewire\tailwind.blade.php", "PHP", 0, 0, 0, 109, 0, 0, 0, 0, 0, 0, 0, 0, 8, 117
"c:\xampp\htdocs\formshub_app\resources\views\viewsurvey.blade.php", "PHP", 0, 0, 0, 9, 0, 0, 0, 0, 0, 0, 0, 0, 7, 16
"c:\xampp\htdocs\formshub_app\resources\views\welcome.blade.php", "PHP", 0, 0, 0, 114, 0, 0, 0, 0, 0, 0, 0, 0, 20, 134
"c:\xampp\htdocs\formshub_app\routes\api.php", "PHP", 0, 0, 0, 13, 0, 0, 0, 0, 0, 0, 0, 13, 7, 33
"c:\xampp\htdocs\formshub_app\routes\auth.php", "PHP", 0, 0, 0, 42, 0, 0, 0, 0, 0, 0, 0, 1, 18, 61
"c:\xampp\htdocs\formshub_app\routes\channels.php", "PHP", 0, 0, 0, 5, 0, 0, 0, 0, 0, 0, 0, 10, 4, 19
"c:\xampp\htdocs\formshub_app\routes\console.php", "PHP", 0, 0, 0, 6, 0, 0, 0, 0, 0, 0, 0, 10, 4, 20
"c:\xampp\htdocs\formshub_app\routes\jetstream.php", "PHP", 0, 0, 0, 169, 0, 0, 0, 0, 0, 0, 0, 11, 41, 221
"c:\xampp\htdocs\formshub_app\routes\web.php", "PHP", 0, 0, 0, 181, 0, 0, 0, 0, 0, 0, 0, 43, 72, 296
"c:\xampp\htdocs\formshub_app\tailwind.config.js", "JavaScript", 0, 50, 0, 0, 0, 0, 0, 0, 0, 0, 0, 5, 18, 73
"c:\xampp\htdocs\formshub_app\tests\CreatesApplication.php", "PHP", 0, 0, 0, 12, 0, 0, 0, 0, 0, 0, 0, 5, 6, 23
"c:\xampp\htdocs\formshub_app\tests\Feature\ApiTokenPermissionsTest.php", "PHP", 0, 0, 0, 38, 0, 0, 0, 0, 0, 0, 0, 0, 10, 48
"c:\xampp\htdocs\formshub_app\tests\Feature\Auth\AuthenticationTest.php", "PHP", 0, 0, 0, 24, 0, 0, 0, 0, 0, 0, 0, 0, 10, 34
"c:\xampp\htdocs\formshub_app\tests\Feature\Auth\EmailVerificationTest.php", "PHP", 0, 0, 0, 40, 0, 0, 0, 0, 0, 0, 0, 0, 14, 54
"c:\xampp\htdocs\formshub_app\tests\Feature\Auth\PasswordConfirmationTest.php", "PHP", 0, 0, 0, 22, 0, 0, 0, 0, 0, 0, 0, 0, 11, 33
"c:\xampp\htdocs\formshub_app\tests\Feature\Auth\PasswordResetTest.php", "PHP", 0, 0, 0, 39, 0, 0, 0, 0, 0, 0, 0, 0, 20, 59
"c:\xampp\htdocs\formshub_app\tests\Feature\Auth\PasswordUpdateTest.php", "PHP", 0, 0, 0, 32, 0, 0, 0, 0, 0, 0, 0, 0, 9, 41
"c:\xampp\htdocs\formshub_app\tests\Feature\Auth\RegistrationTest.php", "PHP", 0, 0, 0, 16, 0, 0, 0, 0, 0, 0, 0, 0, 6, 22
"c:\xampp\htdocs\formshub_app\tests\Feature\AuthenticationTest.php", "PHP", 0, 0, 0, 34, 0, 0, 0, 0, 0, 0, 0, 0, 12, 46
"c:\xampp\htdocs\formshub_app\tests\Feature\BrowserSessionsTest.php", "PHP", 0, 0, 0, 19, 0, 0, 0, 0, 0, 0, 0, 0, 6, 25
"c:\xampp\htdocs\formshub_app\tests\Feature\CreateApiTokenTest.php", "PHP", 0, 0, 0, 33, 0, 0, 0, 0, 0, 0, 0, 0, 9, 42
"c:\xampp\htdocs\formshub_app\tests\Feature\CreateTeamTest.php", "PHP", 0, 0, 0, 20, 0, 0, 0, 0, 0, 0, 0, 0, 7, 27
"c:\xampp\htdocs\formshub_app\tests\Feature\DeleteAccountTest.php", "PHP", 0, 0, 0, 37, 0, 0, 0, 0, 0, 0, 0, 0, 14, 51
"c:\xampp\htdocs\formshub_app\tests\Feature\DeleteApiTokenTest.php", "PHP", 0, 0, 0, 30, 0, 0, 0, 0, 0, 0, 0, 0, 10, 40
"c:\xampp\htdocs\formshub_app\tests\Feature\DeleteTeamTest.php", "PHP", 0, 0, 0, 34, 0, 0, 0, 0, 0, 0, 0, 0, 12, 46
"c:\xampp\htdocs\formshub_app\tests\Feature\EmailVerificationTest.php", "PHP", 0, 0, 0, 57, 0, 0, 0, 0, 0, 0, 0, 0, 23, 80
"c:\xampp\htdocs\formshub_app\tests\Feature\ExampleTest.php", "PHP", 0, 0, 0, 5, 0, 0, 0, 0, 0, 0, 0, 0, 3, 8
"c:\xampp\htdocs\formshub_app\tests\Feature\InviteTeamMemberTest.php", "PHP", 0, 0, 0, 47, 0, 0, 0, 0, 0, 0, 0, 2, 19, 68
"c:\xampp\htdocs\formshub_app\tests\Feature\LeaveTeamTest.php", "PHP", 0, 0, 0, 30, 0, 0, 0, 0, 0, 0, 0, 0, 12, 42
"c:\xampp\htdocs\formshub_app\tests\Feature\PasswordConfirmationTest.php", "PHP", 0, 0, 0, 33, 0, 0, 0, 0, 0, 0, 0, 0, 13, 46
"c:\xampp\htdocs\formshub_app\tests\Feature\PasswordResetTest.php", "PHP", 0, 0, 0, 73, 0, 0, 0, 0, 0, 0, 0, 0, 30, 103
"c:\xampp\htdocs\formshub_app\tests\Feature\ProfileInformationTest.php", "PHP", 0, 0, 0, 27, 0, 0, 0, 0, 0, 0, 0, 0, 10, 37
"c:\xampp\htdocs\formshub_app\tests\Feature\ProfileTest.php", "PHP", 0, 0, 0, 64, 0, 0, 0, 0, 0, 0, 0, 0, 22, 86
"c:\xampp\htdocs\formshub_app\tests\Feature\RegistrationTest.php", "PHP", 0, 0, 0, 45, 0, 0, 0, 0, 0, 0, 0, 0, 16, 61
"c:\xampp\htdocs\formshub_app\tests\Feature\RemoveTeamMemberTest.php", "PHP", 0, 0, 0, 34, 0, 0, 0, 0, 0, 0, 0, 0, 12, 46
"c:\xampp\htdocs\formshub_app\tests\Feature\TwoFactorAuthenticationSettingsTest.php", "PHP", 0, 0, 0, 56, 0, 0, 0, 0, 0, 0, 0, 0, 27, 83
"c:\xampp\htdocs\formshub_app\tests\Feature\UpdateAccountNameTest.php", "PHP", 0, 0, 0, 20, 0, 0, 0, 0, 0, 0, 0, 0, 7, 27
"c:\xampp\htdocs\formshub_app\tests\Feature\UpdatePasswordTest.php", "PHP", 0, 0, 0, 50, 0, 0, 0, 0, 0, 0, 0, 0, 13, 63
"c:\xampp\htdocs\formshub_app\tests\Feature\UpdateTeamMemberRoleTest.php", "PHP", 0, 0, 0, 41, 0, 0, 0, 0, 0, 0, 0, 0, 13, 54
"c:\xampp\htdocs\formshub_app\tests\Pest.php", "PHP", 0, 0, 0, 10, 0, 0, 0, 0, 0, 0, 0, 31, 8, 49
"c:\xampp\htdocs\formshub_app\tests\TestCase.php", "PHP", 0, 0, 0, 7, 0, 0, 0, 0, 0, 0, 0, 0, 4, 11
"c:\xampp\htdocs\formshub_app\tests\Unit\ExampleTest.php", "PHP", 0, 0, 0, 4, 0, 0, 0, 0, 0, 0, 0, 0, 2, 6
"c:\xampp\htdocs\formshub_app\vendor\mpdf\mpdf\tmp\mpdf\ttfontdata\dejavuserifcondensed.mtx.json", "JSON", 0, 0, 1, 0, 0, 0, 0, 0, 0, 0, 0, 0, 0, 1
"c:\xampp\htdocs\formshub_app\vendor\spatie\ignition\resources\compiled\ignition.css", "CSS", 1, 0, 0, 0, 0, 0, 0, 0, 0, 0, 0, 2, 0, 3
"c:\xampp\htdocs\formshub_app\vendor\spatie\ignition\resources\compiled\ignition.js", "JavaScript", 0, 6, 0, 0, 0, 0, 0, 0, 0, 0, 0, 0, 1, 7
"c:\xampp\htdocs\formshub_app\vite.config.js", "JavaScript", 0, 12, 0, 0, 0, 0, 0, 0, 0, 0, 0, 5, 1, 18
"Total", "-", 3230, 3844, 16014, 36747, 455, 36, 132, 748, 197, 1, 14, 7296, 9998, 78712